,image_path,image_label
460,test/COVID19/COVID19(460).jpg,COVID19
461,test/COVID19/COVID19(461).jpg,COVID19
462,test/COVID19/COVID19(462).jpg,COVID19
463,test/COVID19/COVID19(463).jpg,COVID19
464,test/COVID19/COVID19(464).jpg,COVID19
465,test/COVID19/COVID19(465).jpg,COVID19
466,test/COVID19/COVID19(466).jpg,COVID19
467,test/COVID19/COVID19(467).jpg,COVID19
468,test/COVID19/COVID19(468).jpg,COVID19
469,test/COVID19/COVID19(469).jpg,COVID19
470,test/COVID19/COVID19(470).jpg,COVID19
471,test/COVID19/COVID19(471).jpg,COVID19
472,test/COVID19/COVID19(472).jpg,COVID19
473,test/COVID19/COVID19(473).jpg,COVID19
474,test/COVID19/COVID19(474).jpg,COVID19
475,test/COVID19/COVID19(475).jpg,COVID19
476,test/COVID19/COVID19(476).jpg,COVID19
477,test/COVID19/COVID19(477).jpg,COVID19
478,test/COVID19/COVID19(478).jpg,COVID19
479,test/COVID19/COVID19(479).jpg,COVID19
480,test/COVID19/COVID19(480).jpg,COVID19
481,test/COVID19/COVID19(481).jpg,COVID19
482,test/COVID19/COVID19(482).jpg,COVID19
483,test/COVID19/COVID19(483).jpg,COVID19
484,test/COVID19/COVID19(484).jpg,COVID19
485,test/COVID19/COVID19(485).jpg,COVID19
486,test/COVID19/COVID19(486).jpg,COVID19
487,test/COVID19/COVID19(487).jpg,COVID19
488,test/COVID19/COVID19(488).jpg,COVID19
489,test/COVID19/COVID19(489).jpg,COVID19
490,test/COVID19/COVID19(490).jpg,COVID19
491,test/COVID19/COVID19(491).jpg,COVID19
492,test/COVID19/COVID19(492).jpg,COVID19
493,test/COVID19/COVID19(493).jpg,COVID19
494,test/COVID19/COVID19(494).jpg,COVID19
495,test/COVID19/COVID19(495).jpg,COVID19
496,test/COVID19/COVID19(496).jpg,COVID19
497,test/COVID19/COVID19(497).jpg,COVID19
498,test/COVID19/COVID19(498).jpg,COVID19
499,test/COVID19/COVID19(499).jpg,COVID19
500,test/COVID19/COVID19(500).jpg,COVID19
501,test/COVID19/COVID19(501).jpg,COVID19
502,test/COVID19/COVID19(502).jpg,COVID19
503,test/COVID19/COVID19(503).jpg,COVID19
504,test/COVID19/COVID19(504).jpg,COVID19
505,test/COVID19/COVID19(505).jpg,COVID19
506,test/COVID19/COVID19(506).jpg,COVID19
507,test/COVID19/COVID19(507).jpg,COVID19
508,test/COVID19/COVID19(508).jpg,COVID19
509,test/COVID19/COVID19(509).jpg,COVID19
510,test/COVID19/COVID19(510).jpg,COVID19
511,test/COVID19/COVID19(511).jpg,COVID19
512,test/COVID19/COVID19(512).jpg,COVID19
513,test/COVID19/COVID19(513).jpg,COVID19
514,test/COVID19/COVID19(514).jpg,COVID19
515,test/COVID19/COVID19(515).jpg,COVID19
516,test/COVID19/COVID19(516).jpg,COVID19
517,test/COVID19/COVID19(517).jpg,COVID19
518,test/COVID19/COVID19(518).jpg,COVID19
519,test/COVID19/COVID19(519).jpg,COVID19
520,test/COVID19/COVID19(520).jpg,COVID19
521,test/COVID19/COVID19(521).jpg,COVID19
522,test/COVID19/COVID19(522).jpg,COVID19
523,test/COVID19/COVID19(523).jpg,COVID19
524,test/COVID19/COVID19(524).jpg,COVID19
525,test/COVID19/COVID19(525).jpg,COVID19
526,test/COVID19/COVID19(526).jpg,COVID19
527,test/COVID19/COVID19(527).jpg,COVID19
528,test/COVID19/COVID19(528).jpg,COVID19
529,test/COVID19/COVID19(529).jpg,COVID19
530,test/COVID19/COVID19(530).jpg,COVID19
531,test/COVID19/COVID19(531).jpg,COVID19
532,test/COVID19/COVID19(532).jpg,COVID19
533,test/COVID19/COVID19(533).jpg,COVID19
534,test/COVID19/COVID19(534).jpg,COVID19
535,test/COVID19/COVID19(535).jpg,COVID19
536,test/COVID19/COVID19(536).jpg,COVID19
537,test/COVID19/COVID19(537).jpg,COVID19
538,test/COVID19/COVID19(538).jpg,COVID19
539,test/COVID19/COVID19(539).jpg,COVID19
540,test/COVID19/COVID19(540).jpg,COVID19
541,test/COVID19/COVID19(541).jpg,COVID19
542,test/COVID19/COVID19(542).jpg,COVID19
543,test/COVID19/COVID19(543).jpg,COVID19
544,test/COVID19/COVID19(544).jpg,COVID19
545,test/COVID19/COVID19(545).jpg,COVID19
546,test/COVID19/COVID19(546).jpg,COVID19
547,test/COVID19/COVID19(547).jpg,COVID19
548,test/COVID19/COVID19(548).jpg,COVID19
549,test/COVID19/COVID19(549).jpg,COVID19
550,test/COVID19/COVID19(550).jpg,COVID19
551,test/COVID19/COVID19(551).jpg,COVID19
552,test/COVID19/COVID19(552).jpg,COVID19
553,test/COVID19/COVID19(553).jpg,COVID19
554,test/COVID19/COVID19(554).jpg,COVID19
555,test/COVID19/COVID19(555).jpg,COVID19
556,test/COVID19/COVID19(556).jpg,COVID19
557,test/COVID19/COVID19(557).jpg,COVID19
558,test/COVID19/COVID19(558).jpg,COVID19
559,test/COVID19/COVID19(559).jpg,COVID19
560,test/COVID19/COVID19(560).jpg,COVID19
561,test/COVID19/COVID19(561).jpg,COVID19
562,test/COVID19/COVID19(562).jpg,COVID19
563,test/COVID19/COVID19(563).jpg,COVID19
564,test/COVID19/COVID19(564).jpg,COVID19
565,test/COVID19/COVID19(565).jpg,COVID19
566,test/COVID19/COVID19(566).jpg,COVID19
567,test/COVID19/COVID19(567).jpg,COVID19
568,test/COVID19/COVID19(568).jpg,COVID19
569,test/COVID19/COVID19(569).jpg,COVID19
570,test/COVID19/COVID19(570).jpg,COVID19
571,test/COVID19/COVID19(571).jpg,COVID19
572,test/COVID19/COVID19(572).jpg,COVID19
573,test/COVID19/COVID19(573).jpg,COVID19
574,test/COVID19/COVID19(574).jpg,COVID19
575,test/COVID19/COVID19(575).jpg,COVID19
1266,test/NORMAL/NORMAL(1266).jpg,NORMAL
1267,test/NORMAL/NORMAL(1267).jpg,NORMAL
1268,test/NORMAL/NORMAL(1268).jpg,NORMAL
1269,test/NORMAL/NORMAL(1269).jpg,NORMAL
1270,test/NORMAL/NORMAL(1270).jpg,NORMAL
1271,test/NORMAL/NORMAL(1271).jpg,NORMAL
1272,test/NORMAL/NORMAL(1272).jpg,NORMAL
1273,test/NORMAL/NORMAL(1273).jpg,NORMAL
1274,test/NORMAL/NORMAL(1274).jpg,NORMAL
1275,test/NORMAL/NORMAL(1275).jpg,NORMAL
1276,test/NORMAL/NORMAL(1276).jpg,NORMAL
1277,test/NORMAL/NORMAL(1277).jpg,NORMAL
1278,test/NORMAL/NORMAL(1278).jpg,NORMAL
1279,test/NORMAL/NORMAL(1279).jpg,NORMAL
1280,test/NORMAL/NORMAL(1280).jpg,NORMAL
1281,test/NORMAL/NORMAL(1281).jpg,NORMAL
1282,test/NORMAL/NORMAL(1282).jpg,NORMAL
1283,test/NORMAL/NORMAL(1283).jpg,NORMAL
1284,test/NORMAL/NORMAL(1284).jpg,NORMAL
1285,test/NORMAL/NORMAL(1285).jpg,NORMAL
1286,test/NORMAL/NORMAL(1286).jpg,NORMAL
1287,test/NORMAL/NORMAL(1287).jpg,NORMAL
1288,test/NORMAL/NORMAL(1288).jpg,NORMAL
1289,test/NORMAL/NORMAL(1289).jpg,NORMAL
1290,test/NORMAL/NORMAL(1290).jpg,NORMAL
1291,test/NORMAL/NORMAL(1291).jpg,NORMAL
1292,test/NORMAL/NORMAL(1292).jpg,NORMAL
1293,test/NORMAL/NORMAL(1293).jpg,NORMAL
1294,test/NORMAL/NORMAL(1294).jpg,NORMAL
1295,test/NORMAL/NORMAL(1295).jpg,NORMAL
1296,test/NORMAL/NORMAL(1296).jpg,NORMAL
1297,test/NORMAL/NORMAL(1297).jpg,NORMAL
1298,test/NORMAL/NORMAL(1298).jpg,NORMAL
1299,test/NORMAL/NORMAL(1299).jpg,NORMAL
1300,test/NORMAL/NORMAL(1300).jpg,NORMAL
1301,test/NORMAL/NORMAL(1301).jpg,NORMAL
1302,test/NORMAL/NORMAL(1302).jpg,NORMAL
1303,test/NORMAL/NORMAL(1303).jpg,NORMAL
1304,test/NORMAL/NORMAL(1304).jpg,NORMAL
1305,test/NORMAL/NORMAL(1305).jpg,NORMAL
1306,test/NORMAL/NORMAL(1306).jpg,NORMAL
1307,test/NORMAL/NORMAL(1307).jpg,NORMAL
1308,test/NORMAL/NORMAL(1308).jpg,NORMAL
1309,test/NORMAL/NORMAL(1309).jpg,NORMAL
1310,test/NORMAL/NORMAL(1310).jpg,NORMAL
1311,test/NORMAL/NORMAL(1311).jpg,NORMAL
1312,test/NORMAL/NORMAL(1312).jpg,NORMAL
1313,test/NORMAL/NORMAL(1313).jpg,NORMAL
1314,test/NORMAL/NORMAL(1314).jpg,NORMAL
1315,test/NORMAL/NORMAL(1315).jpg,NORMAL
1316,test/NORMAL/NORMAL(1316).jpg,NORMAL
1317,test/NORMAL/NORMAL(1317).jpg,NORMAL
1318,test/NORMAL/NORMAL(1318).jpg,NORMAL
1319,test/NORMAL/NORMAL(1319).jpg,NORMAL
1320,test/NORMAL/NORMAL(1320).jpg,NORMAL
1321,test/NORMAL/NORMAL(1321).jpg,NORMAL
1322,test/NORMAL/NORMAL(1322).jpg,NORMAL
1323,test/NORMAL/NORMAL(1323).jpg,NORMAL
1324,test/NORMAL/NORMAL(1324).jpg,NORMAL
1325,test/NORMAL/NORMAL(1325).jpg,NORMAL
1326,test/NORMAL/NORMAL(1326).jpg,NORMAL
1327,test/NORMAL/NORMAL(1327).jpg,NORMAL
1328,test/NORMAL/NORMAL(1328).jpg,NORMAL
1329,test/NORMAL/NORMAL(1329).jpg,NORMAL
1330,test/NORMAL/NORMAL(1330).jpg,NORMAL
1331,test/NORMAL/NORMAL(1331).jpg,NORMAL
1332,test/NORMAL/NORMAL(1332).jpg,NORMAL
1333,test/NORMAL/NORMAL(1333).jpg,NORMAL
1334,test/NORMAL/NORMAL(1334).jpg,NORMAL
1335,test/NORMAL/NORMAL(1335).jpg,NORMAL
1336,test/NORMAL/NORMAL(1336).jpg,NORMAL
1337,test/NORMAL/NORMAL(1337).jpg,NORMAL
1338,test/NORMAL/NORMAL(1338).jpg,NORMAL
1339,test/NORMAL/NORMAL(1339).jpg,NORMAL
1340,test/NORMAL/NORMAL(1340).jpg,NORMAL
1341,test/NORMAL/NORMAL(1341).jpg,NORMAL
1342,test/NORMAL/NORMAL(1342).jpg,NORMAL
1343,test/NORMAL/NORMAL(1343).jpg,NORMAL
1344,test/NORMAL/NORMAL(1344).jpg,NORMAL
1345,test/NORMAL/NORMAL(1345).jpg,NORMAL
1346,test/NORMAL/NORMAL(1346).jpg,NORMAL
1347,test/NORMAL/NORMAL(1347).jpg,NORMAL
1348,test/NORMAL/NORMAL(1348).jpg,NORMAL
1349,test/NORMAL/NORMAL(1349).jpg,NORMAL
1350,test/NORMAL/NORMAL(1350).jpg,NORMAL
1351,test/NORMAL/NORMAL(1351).jpg,NORMAL
1352,test/NORMAL/NORMAL(1352).jpg,NORMAL
1353,test/NORMAL/NORMAL(1353).jpg,NORMAL
1354,test/NORMAL/NORMAL(1354).jpg,NORMAL
1355,test/NORMAL/NORMAL(1355).jpg,NORMAL
1356,test/NORMAL/NORMAL(1356).jpg,NORMAL
1357,test/NORMAL/NORMAL(1357).jpg,NORMAL
1358,test/NORMAL/NORMAL(1358).jpg,NORMAL
1359,test/NORMAL/NORMAL(1359).jpg,NORMAL
1360,test/NORMAL/NORMAL(1360).jpg,NORMAL
1361,test/NORMAL/NORMAL(1361).jpg,NORMAL
1362,test/NORMAL/NORMAL(1362).jpg,NORMAL
1363,test/NORMAL/NORMAL(1363).jpg,NORMAL
1364,test/NORMAL/NORMAL(1364).jpg,NORMAL
1365,test/NORMAL/NORMAL(1365).jpg,NORMAL
1366,test/NORMAL/NORMAL(1366).jpg,NORMAL
1367,test/NORMAL/NORMAL(1367).jpg,NORMAL
1368,test/NORMAL/NORMAL(1368).jpg,NORMAL
1369,test/NORMAL/NORMAL(1369).jpg,NORMAL
1370,test/NORMAL/NORMAL(1370).jpg,NORMAL
1371,test/NORMAL/NORMAL(1371).jpg,NORMAL
1372,test/NORMAL/NORMAL(1372).jpg,NORMAL
1373,test/NORMAL/NORMAL(1373).jpg,NORMAL
1374,test/NORMAL/NORMAL(1374).jpg,NORMAL
1375,test/NORMAL/NORMAL(1375).jpg,NORMAL
1376,test/NORMAL/NORMAL(1376).jpg,NORMAL
1377,test/NORMAL/NORMAL(1377).jpg,NORMAL
1378,test/NORMAL/NORMAL(1378).jpg,NORMAL
1379,test/NORMAL/NORMAL(1379).jpg,NORMAL
1380,test/NORMAL/NORMAL(1380).jpg,NORMAL
1381,test/NORMAL/NORMAL(1381).jpg,NORMAL
1382,test/NORMAL/NORMAL(1382).jpg,NORMAL
1383,test/NORMAL/NORMAL(1383).jpg,NORMAL
1384,test/NORMAL/NORMAL(1384).jpg,NORMAL
1385,test/NORMAL/NORMAL(1385).jpg,NORMAL
1386,test/NORMAL/NORMAL(1386).jpg,NORMAL
1387,test/NORMAL/NORMAL(1387).jpg,NORMAL
1388,test/NORMAL/NORMAL(1388).jpg,NORMAL
1389,test/NORMAL/NORMAL(1389).jpg,NORMAL
1390,test/NORMAL/NORMAL(1390).jpg,NORMAL
1391,test/NORMAL/NORMAL(1391).jpg,NORMAL
1392,test/NORMAL/NORMAL(1392).jpg,NORMAL
1393,test/NORMAL/NORMAL(1393).jpg,NORMAL
1394,test/NORMAL/NORMAL(1394).jpg,NORMAL
1395,test/NORMAL/NORMAL(1395).jpg,NORMAL
1396,test/NORMAL/NORMAL(1396).jpg,NORMAL
1397,test/NORMAL/NORMAL(1397).jpg,NORMAL
1398,test/NORMAL/NORMAL(1398).jpg,NORMAL
1399,test/NORMAL/NORMAL(1399).jpg,NORMAL
1400,test/NORMAL/NORMAL(1400).jpg,NORMAL
1401,test/NORMAL/NORMAL(1401).jpg,NORMAL
1402,test/NORMAL/NORMAL(1402).jpg,NORMAL
1403,test/NORMAL/NORMAL(1403).jpg,NORMAL
1404,test/NORMAL/NORMAL(1404).jpg,NORMAL
1405,test/NORMAL/NORMAL(1405).jpg,NORMAL
1406,test/NORMAL/NORMAL(1406).jpg,NORMAL
1407,test/NORMAL/NORMAL(1407).jpg,NORMAL
1408,test/NORMAL/NORMAL(1408).jpg,NORMAL
1409,test/NORMAL/NORMAL(1409).jpg,NORMAL
1410,test/NORMAL/NORMAL(1410).jpg,NORMAL
1411,test/NORMAL/NORMAL(1411).jpg,NORMAL
1412,test/NORMAL/NORMAL(1412).jpg,NORMAL
1413,test/NORMAL/NORMAL(1413).jpg,NORMAL
1414,test/NORMAL/NORMAL(1414).jpg,NORMAL
1415,test/NORMAL/NORMAL(1415).jpg,NORMAL
1416,test/NORMAL/NORMAL(1416).jpg,NORMAL
1417,test/NORMAL/NORMAL(1417).jpg,NORMAL
1418,test/NORMAL/NORMAL(1418).jpg,NORMAL
1419,test/NORMAL/NORMAL(1419).jpg,NORMAL
1420,test/NORMAL/NORMAL(1420).jpg,NORMAL
1421,test/NORMAL/NORMAL(1421).jpg,NORMAL
1422,test/NORMAL/NORMAL(1422).jpg,NORMAL
1423,test/NORMAL/NORMAL(1423).jpg,NORMAL
1424,test/NORMAL/NORMAL(1424).jpg,NORMAL
1425,test/NORMAL/NORMAL(1425).jpg,NORMAL
1426,test/NORMAL/NORMAL(1426).jpg,NORMAL
1427,test/NORMAL/NORMAL(1427).jpg,NORMAL
1428,test/NORMAL/NORMAL(1428).jpg,NORMAL
1429,test/NORMAL/NORMAL(1429).jpg,NORMAL
1430,test/NORMAL/NORMAL(1430).jpg,NORMAL
1431,test/NORMAL/NORMAL(1431).jpg,NORMAL
1432,test/NORMAL/NORMAL(1432).jpg,NORMAL
1433,test/NORMAL/NORMAL(1433).jpg,NORMAL
1434,test/NORMAL/NORMAL(1434).jpg,NORMAL
1435,test/NORMAL/NORMAL(1435).jpg,NORMAL
1436,test/NORMAL/NORMAL(1436).jpg,NORMAL
1437,test/NORMAL/NORMAL(1437).jpg,NORMAL
1438,test/NORMAL/NORMAL(1438).jpg,NORMAL
1439,test/NORMAL/NORMAL(1439).jpg,NORMAL
1440,test/NORMAL/NORMAL(1440).jpg,NORMAL
1441,test/NORMAL/NORMAL(1441).jpg,NORMAL
1442,test/NORMAL/NORMAL(1442).jpg,NORMAL
1443,test/NORMAL/NORMAL(1443).jpg,NORMAL
1444,test/NORMAL/NORMAL(1444).jpg,NORMAL
1445,test/NORMAL/NORMAL(1445).jpg,NORMAL
1446,test/NORMAL/NORMAL(1446).jpg,NORMAL
1447,test/NORMAL/NORMAL(1447).jpg,NORMAL
1448,test/NORMAL/NORMAL(1448).jpg,NORMAL
1449,test/NORMAL/NORMAL(1449).jpg,NORMAL
1450,test/NORMAL/NORMAL(1450).jpg,NORMAL
1451,test/NORMAL/NORMAL(1451).jpg,NORMAL
1452,test/NORMAL/NORMAL(1452).jpg,NORMAL
1453,test/NORMAL/NORMAL(1453).jpg,NORMAL
1454,test/NORMAL/NORMAL(1454).jpg,NORMAL
1455,test/NORMAL/NORMAL(1455).jpg,NORMAL
1456,test/NORMAL/NORMAL(1456).jpg,NORMAL
1457,test/NORMAL/NORMAL(1457).jpg,NORMAL
1458,test/NORMAL/NORMAL(1458).jpg,NORMAL
1459,test/NORMAL/NORMAL(1459).jpg,NORMAL
1460,test/NORMAL/NORMAL(1460).jpg,NORMAL
1461,test/NORMAL/NORMAL(1461).jpg,NORMAL
1462,test/NORMAL/NORMAL(1462).jpg,NORMAL
1463,test/NORMAL/NORMAL(1463).jpg,NORMAL
1464,test/NORMAL/NORMAL(1464).jpg,NORMAL
1465,test/NORMAL/NORMAL(1465).jpg,NORMAL
1466,test/NORMAL/NORMAL(1466).jpg,NORMAL
1467,test/NORMAL/NORMAL(1467).jpg,NORMAL
1468,test/NORMAL/NORMAL(1468).jpg,NORMAL
1469,test/NORMAL/NORMAL(1469).jpg,NORMAL
1470,test/NORMAL/NORMAL(1470).jpg,NORMAL
1471,test/NORMAL/NORMAL(1471).jpg,NORMAL
1472,test/NORMAL/NORMAL(1472).jpg,NORMAL
1473,test/NORMAL/NORMAL(1473).jpg,NORMAL
1474,test/NORMAL/NORMAL(1474).jpg,NORMAL
1475,test/NORMAL/NORMAL(1475).jpg,NORMAL
1476,test/NORMAL/NORMAL(1476).jpg,NORMAL
1477,test/NORMAL/NORMAL(1477).jpg,NORMAL
1478,test/NORMAL/NORMAL(1478).jpg,NORMAL
1479,test/NORMAL/NORMAL(1479).jpg,NORMAL
1480,test/NORMAL/NORMAL(1480).jpg,NORMAL
1481,test/NORMAL/NORMAL(1481).jpg,NORMAL
1482,test/NORMAL/NORMAL(1482).jpg,NORMAL
1483,test/NORMAL/NORMAL(1483).jpg,NORMAL
1484,test/NORMAL/NORMAL(1484).jpg,NORMAL
1485,test/NORMAL/NORMAL(1485).jpg,NORMAL
1486,test/NORMAL/NORMAL(1486).jpg,NORMAL
1487,test/NORMAL/NORMAL(1487).jpg,NORMAL
1488,test/NORMAL/NORMAL(1488).jpg,NORMAL
1489,test/NORMAL/NORMAL(1489).jpg,NORMAL
1490,test/NORMAL/NORMAL(1490).jpg,NORMAL
1491,test/NORMAL/NORMAL(1491).jpg,NORMAL
1492,test/NORMAL/NORMAL(1492).jpg,NORMAL
1493,test/NORMAL/NORMAL(1493).jpg,NORMAL
1494,test/NORMAL/NORMAL(1494).jpg,NORMAL
1495,test/NORMAL/NORMAL(1495).jpg,NORMAL
1496,test/NORMAL/NORMAL(1496).jpg,NORMAL
1497,test/NORMAL/NORMAL(1497).jpg,NORMAL
1498,test/NORMAL/NORMAL(1498).jpg,NORMAL
1499,test/NORMAL/NORMAL(1499).jpg,NORMAL
1500,test/NORMAL/NORMAL(1500).jpg,NORMAL
1501,test/NORMAL/NORMAL(1501).jpg,NORMAL
1502,test/NORMAL/NORMAL(1502).jpg,NORMAL
1503,test/NORMAL/NORMAL(1503).jpg,NORMAL
1504,test/NORMAL/NORMAL(1504).jpg,NORMAL
1505,test/NORMAL/NORMAL(1505).jpg,NORMAL
1506,test/NORMAL/NORMAL(1506).jpg,NORMAL
1507,test/NORMAL/NORMAL(1507).jpg,NORMAL
1508,test/NORMAL/NORMAL(1508).jpg,NORMAL
1509,test/NORMAL/NORMAL(1509).jpg,NORMAL
1510,test/NORMAL/NORMAL(1510).jpg,NORMAL
1511,test/NORMAL/NORMAL(1511).jpg,NORMAL
1512,test/NORMAL/NORMAL(1512).jpg,NORMAL
1513,test/NORMAL/NORMAL(1513).jpg,NORMAL
1514,test/NORMAL/NORMAL(1514).jpg,NORMAL
1515,test/NORMAL/NORMAL(1515).jpg,NORMAL
1516,test/NORMAL/NORMAL(1516).jpg,NORMAL
1517,test/NORMAL/NORMAL(1517).jpg,NORMAL
1518,test/NORMAL/NORMAL(1518).jpg,NORMAL
1519,test/NORMAL/NORMAL(1519).jpg,NORMAL
1520,test/NORMAL/NORMAL(1520).jpg,NORMAL
1521,test/NORMAL/NORMAL(1521).jpg,NORMAL
1522,test/NORMAL/NORMAL(1522).jpg,NORMAL
1523,test/NORMAL/NORMAL(1523).jpg,NORMAL
1524,test/NORMAL/NORMAL(1524).jpg,NORMAL
1525,test/NORMAL/NORMAL(1525).jpg,NORMAL
1526,test/NORMAL/NORMAL(1526).jpg,NORMAL
1527,test/NORMAL/NORMAL(1527).jpg,NORMAL
1528,test/NORMAL/NORMAL(1528).jpg,NORMAL
1529,test/NORMAL/NORMAL(1529).jpg,NORMAL
1530,test/NORMAL/NORMAL(1530).jpg,NORMAL
1531,test/NORMAL/NORMAL(1531).jpg,NORMAL
1532,test/NORMAL/NORMAL(1532).jpg,NORMAL
1533,test/NORMAL/NORMAL(1533).jpg,NORMAL
1534,test/NORMAL/NORMAL(1534).jpg,NORMAL
1535,test/NORMAL/NORMAL(1535).jpg,NORMAL
1536,test/NORMAL/NORMAL(1536).jpg,NORMAL
1537,test/NORMAL/NORMAL(1537).jpg,NORMAL
1538,test/NORMAL/NORMAL(1538).jpg,NORMAL
1539,test/NORMAL/NORMAL(1539).jpg,NORMAL
1540,test/NORMAL/NORMAL(1540).jpg,NORMAL
1541,test/NORMAL/NORMAL(1541).jpg,NORMAL
1542,test/NORMAL/NORMAL(1542).jpg,NORMAL
1543,test/NORMAL/NORMAL(1543).jpg,NORMAL
1544,test/NORMAL/NORMAL(1544).jpg,NORMAL
1545,test/NORMAL/NORMAL(1545).jpg,NORMAL
1546,test/NORMAL/NORMAL(1546).jpg,NORMAL
1547,test/NORMAL/NORMAL(1547).jpg,NORMAL
1548,test/NORMAL/NORMAL(1548).jpg,NORMAL
1549,test/NORMAL/NORMAL(1549).jpg,NORMAL
1550,test/NORMAL/NORMAL(1550).jpg,NORMAL
1551,test/NORMAL/NORMAL(1551).jpg,NORMAL
1552,test/NORMAL/NORMAL(1552).jpg,NORMAL
1553,test/NORMAL/NORMAL(1553).jpg,NORMAL
1554,test/NORMAL/NORMAL(1554).jpg,NORMAL
1555,test/NORMAL/NORMAL(1555).jpg,NORMAL
1556,test/NORMAL/NORMAL(1556).jpg,NORMAL
1557,test/NORMAL/NORMAL(1557).jpg,NORMAL
1558,test/NORMAL/NORMAL(1558).jpg,NORMAL
1559,test/NORMAL/NORMAL(1559).jpg,NORMAL
1560,test/NORMAL/NORMAL(1560).jpg,NORMAL
1561,test/NORMAL/NORMAL(1561).jpg,NORMAL
1562,test/NORMAL/NORMAL(1562).jpg,NORMAL
1563,test/NORMAL/NORMAL(1563).jpg,NORMAL
1564,test/NORMAL/NORMAL(1564).jpg,NORMAL
1565,test/NORMAL/NORMAL(1565).jpg,NORMAL
1566,test/NORMAL/NORMAL(1566).jpg,NORMAL
1567,test/NORMAL/NORMAL(1567).jpg,NORMAL
1568,test/NORMAL/NORMAL(1568).jpg,NORMAL
1569,test/NORMAL/NORMAL(1569).jpg,NORMAL
1570,test/NORMAL/NORMAL(1570).jpg,NORMAL
1571,test/NORMAL/NORMAL(1571).jpg,NORMAL
1572,test/NORMAL/NORMAL(1572).jpg,NORMAL
1573,test/NORMAL/NORMAL(1573).jpg,NORMAL
1574,test/NORMAL/NORMAL(1574).jpg,NORMAL
1575,test/NORMAL/NORMAL(1575).jpg,NORMAL
1576,test/NORMAL/NORMAL(1576).jpg,NORMAL
1577,test/NORMAL/NORMAL(1577).jpg,NORMAL
1578,test/NORMAL/NORMAL(1578).jpg,NORMAL
1579,test/NORMAL/NORMAL(1579).jpg,NORMAL
1580,test/NORMAL/NORMAL(1580).jpg,NORMAL
1581,test/NORMAL/NORMAL(1581).jpg,NORMAL
1582,test/NORMAL/NORMAL(1582).jpg,NORMAL
3418,test/PNEUMONIA/PNEUMONIA(3418).jpg,PNEUMONIA
3419,test/PNEUMONIA/PNEUMONIA(3419).jpg,PNEUMONIA
3420,test/PNEUMONIA/PNEUMONIA(3420).jpg,PNEUMONIA
3421,test/PNEUMONIA/PNEUMONIA(3421).jpg,PNEUMONIA
3422,test/PNEUMONIA/PNEUMONIA(3422).jpg,PNEUMONIA
3423,test/PNEUMONIA/PNEUMONIA(3423).jpg,PNEUMONIA
3424,test/PNEUMONIA/PNEUMONIA(3424).jpg,PNEUMONIA
3425,test/PNEUMONIA/PNEUMONIA(3425).jpg,PNEUMONIA
3426,test/PNEUMONIA/PNEUMONIA(3426).jpg,PNEUMONIA
3427,test/PNEUMONIA/PNEUMONIA(3427).jpg,PNEUMONIA
3428,test/PNEUMONIA/PNEUMONIA(3428).jpg,PNEUMONIA
3429,test/PNEUMONIA/PNEUMONIA(3429).jpg,PNEUMONIA
3430,test/PNEUMONIA/PNEUMONIA(3430).jpg,PNEUMONIA
3431,test/PNEUMONIA/PNEUMONIA(3431).jpg,PNEUMONIA
3432,test/PNEUMONIA/PNEUMONIA(3432).jpg,PNEUMONIA
3433,test/PNEUMONIA/PNEUMONIA(3433).jpg,PNEUMONIA
3434,test/PNEUMONIA/PNEUMONIA(3434).jpg,PNEUMONIA
3435,test/PNEUMONIA/PNEUMONIA(3435).jpg,PNEUMONIA
3436,test/PNEUMONIA/PNEUMONIA(3436).jpg,PNEUMONIA
3437,test/PNEUMONIA/PNEUMONIA(3437).jpg,PNEUMONIA
3438,test/PNEUMONIA/PNEUMONIA(3438).jpg,PNEUMONIA
3439,test/PNEUMONIA/PNEUMONIA(3439).jpg,PNEUMONIA
3440,test/PNEUMONIA/PNEUMONIA(3440).jpg,PNEUMONIA
3441,test/PNEUMONIA/PNEUMONIA(3441).jpg,PNEUMONIA
3442,test/PNEUMONIA/PNEUMONIA(3442).jpg,PNEUMONIA
3443,test/PNEUMONIA/PNEUMONIA(3443).jpg,PNEUMONIA
3444,test/PNEUMONIA/PNEUMONIA(3444).jpg,PNEUMONIA
3445,test/PNEUMONIA/PNEUMONIA(3445).jpg,PNEUMONIA
3446,test/PNEUMONIA/PNEUMONIA(3446).jpg,PNEUMONIA
3447,test/PNEUMONIA/PNEUMONIA(3447).jpg,PNEUMONIA
3448,test/PNEUMONIA/PNEUMONIA(3448).jpg,PNEUMONIA
3449,test/PNEUMONIA/PNEUMONIA(3449).jpg,PNEUMONIA
3450,test/PNEUMONIA/PNEUMONIA(3450).jpg,PNEUMONIA
3451,test/PNEUMONIA/PNEUMONIA(3451).jpg,PNEUMONIA
3452,test/PNEUMONIA/PNEUMONIA(3452).jpg,PNEUMONIA
3453,test/PNEUMONIA/PNEUMONIA(3453).jpg,PNEUMONIA
3454,test/PNEUMONIA/PNEUMONIA(3454).jpg,PNEUMONIA
3455,test/PNEUMONIA/PNEUMONIA(3455).jpg,PNEUMONIA
3456,test/PNEUMONIA/PNEUMONIA(3456).jpg,PNEUMONIA
3457,test/PNEUMONIA/PNEUMONIA(3457).jpg,PNEUMONIA
3458,test/PNEUMONIA/PNEUMONIA(3458).jpg,PNEUMONIA
3459,test/PNEUMONIA/PNEUMONIA(3459).jpg,PNEUMONIA
3460,test/PNEUMONIA/PNEUMONIA(3460).jpg,PNEUMONIA
3461,test/PNEUMONIA/PNEUMONIA(3461).jpg,PNEUMONIA
3462,test/PNEUMONIA/PNEUMONIA(3462).jpg,PNEUMONIA
3463,test/PNEUMONIA/PNEUMONIA(3463).jpg,PNEUMONIA
3464,test/PNEUMONIA/PNEUMONIA(3464).jpg,PNEUMONIA
3465,test/PNEUMONIA/PNEUMONIA(3465).jpg,PNEUMONIA
3466,test/PNEUMONIA/PNEUMONIA(3466).jpg,PNEUMONIA
3467,test/PNEUMONIA/PNEUMONIA(3467).jpg,PNEUMONIA
3468,test/PNEUMONIA/PNEUMONIA(3468).jpg,PNEUMONIA
3469,test/PNEUMONIA/PNEUMONIA(3469).jpg,PNEUMONIA
3470,test/PNEUMONIA/PNEUMONIA(3470).jpg,PNEUMONIA
3471,test/PNEUMONIA/PNEUMONIA(3471).jpg,PNEUMONIA
3472,test/PNEUMONIA/PNEUMONIA(3472).jpg,PNEUMONIA
3473,test/PNEUMONIA/PNEUMONIA(3473).jpg,PNEUMONIA
3474,test/PNEUMONIA/PNEUMONIA(3474).jpg,PNEUMONIA
3475,test/PNEUMONIA/PNEUMONIA(3475).jpg,PNEUMONIA
3476,test/PNEUMONIA/PNEUMONIA(3476).jpg,PNEUMONIA
3477,test/PNEUMONIA/PNEUMONIA(3477).jpg,PNEUMONIA
3478,test/PNEUMONIA/PNEUMONIA(3478).jpg,PNEUMONIA
3479,test/PNEUMONIA/PNEUMONIA(3479).jpg,PNEUMONIA
3480,test/PNEUMONIA/PNEUMONIA(3480).jpg,PNEUMONIA
3481,test/PNEUMONIA/PNEUMONIA(3481).jpg,PNEUMONIA
3482,test/PNEUMONIA/PNEUMONIA(3482).jpg,PNEUMONIA
3483,test/PNEUMONIA/PNEUMONIA(3483).jpg,PNEUMONIA
3484,test/PNEUMONIA/PNEUMONIA(3484).jpg,PNEUMONIA
3485,test/PNEUMONIA/PNEUMONIA(3485).jpg,PNEUMONIA
3486,test/PNEUMONIA/PNEUMONIA(3486).jpg,PNEUMONIA
3487,test/PNEUMONIA/PNEUMONIA(3487).jpg,PNEUMONIA
3488,test/PNEUMONIA/PNEUMONIA(3488).jpg,PNEUMONIA
3489,test/PNEUMONIA/PNEUMONIA(3489).jpg,PNEUMONIA
3490,test/PNEUMONIA/PNEUMONIA(3490).jpg,PNEUMONIA
3491,test/PNEUMONIA/PNEUMONIA(3491).jpg,PNEUMONIA
3492,test/PNEUMONIA/PNEUMONIA(3492).jpg,PNEUMONIA
3493,test/PNEUMONIA/PNEUMONIA(3493).jpg,PNEUMONIA
3494,test/PNEUMONIA/PNEUMONIA(3494).jpg,PNEUMONIA
3495,test/PNEUMONIA/PNEUMONIA(3495).jpg,PNEUMONIA
3496,test/PNEUMONIA/PNEUMONIA(3496).jpg,PNEUMONIA
3497,test/PNEUMONIA/PNEUMONIA(3497).jpg,PNEUMONIA
3498,test/PNEUMONIA/PNEUMONIA(3498).jpg,PNEUMONIA
3499,test/PNEUMONIA/PNEUMONIA(3499).jpg,PNEUMONIA
3500,test/PNEUMONIA/PNEUMONIA(3500).jpg,PNEUMONIA
3501,test/PNEUMONIA/PNEUMONIA(3501).jpg,PNEUMONIA
3502,test/PNEUMONIA/PNEUMONIA(3502).jpg,PNEUMONIA
3503,test/PNEUMONIA/PNEUMONIA(3503).jpg,PNEUMONIA
3504,test/PNEUMONIA/PNEUMONIA(3504).jpg,PNEUMONIA
3505,test/PNEUMONIA/PNEUMONIA(3505).jpg,PNEUMONIA
3506,test/PNEUMONIA/PNEUMONIA(3506).jpg,PNEUMONIA
3507,test/PNEUMONIA/PNEUMONIA(3507).jpg,PNEUMONIA
3508,test/PNEUMONIA/PNEUMONIA(3508).jpg,PNEUMONIA
3509,test/PNEUMONIA/PNEUMONIA(3509).jpg,PNEUMONIA
3510,test/PNEUMONIA/PNEUMONIA(3510).jpg,PNEUMONIA
3511,test/PNEUMONIA/PNEUMONIA(3511).jpg,PNEUMONIA
3512,test/PNEUMONIA/PNEUMONIA(3512).jpg,PNEUMONIA
3513,test/PNEUMONIA/PNEUMONIA(3513).jpg,PNEUMONIA
3514,test/PNEUMONIA/PNEUMONIA(3514).jpg,PNEUMONIA
3515,test/PNEUMONIA/PNEUMONIA(3515).jpg,PNEUMONIA
3516,test/PNEUMONIA/PNEUMONIA(3516).jpg,PNEUMONIA
3517,test/PNEUMONIA/PNEUMONIA(3517).jpg,PNEUMONIA
3518,test/PNEUMONIA/PNEUMONIA(3518).jpg,PNEUMONIA
3519,test/PNEUMONIA/PNEUMONIA(3519).jpg,PNEUMONIA
3520,test/PNEUMONIA/PNEUMONIA(3520).jpg,PNEUMONIA
3521,test/PNEUMONIA/PNEUMONIA(3521).jpg,PNEUMONIA
3522,test/PNEUMONIA/PNEUMONIA(3522).jpg,PNEUMONIA
3523,test/PNEUMONIA/PNEUMONIA(3523).jpg,PNEUMONIA
3524,test/PNEUMONIA/PNEUMONIA(3524).jpg,PNEUMONIA
3525,test/PNEUMONIA/PNEUMONIA(3525).jpg,PNEUMONIA
3526,test/PNEUMONIA/PNEUMONIA(3526).jpg,PNEUMONIA
3527,test/PNEUMONIA/PNEUMONIA(3527).jpg,PNEUMONIA
3528,test/PNEUMONIA/PNEUMONIA(3528).jpg,PNEUMONIA
3529,test/PNEUMONIA/PNEUMONIA(3529).jpg,PNEUMONIA
3530,test/PNEUMONIA/PNEUMONIA(3530).jpg,PNEUMONIA
3531,test/PNEUMONIA/PNEUMONIA(3531).jpg,PNEUMONIA
3532,test/PNEUMONIA/PNEUMONIA(3532).jpg,PNEUMONIA
3533,test/PNEUMONIA/PNEUMONIA(3533).jpg,PNEUMONIA
3534,test/PNEUMONIA/PNEUMONIA(3534).jpg,PNEUMONIA
3535,test/PNEUMONIA/PNEUMONIA(3535).jpg,PNEUMONIA
3536,test/PNEUMONIA/PNEUMONIA(3536).jpg,PNEUMONIA
3537,test/PNEUMONIA/PNEUMONIA(3537).jpg,PNEUMONIA
3538,test/PNEUMONIA/PNEUMONIA(3538).jpg,PNEUMONIA
3539,test/PNEUMONIA/PNEUMONIA(3539).jpg,PNEUMONIA
3540,test/PNEUMONIA/PNEUMONIA(3540).jpg,PNEUMONIA
3541,test/PNEUMONIA/PNEUMONIA(3541).jpg,PNEUMONIA
3542,test/PNEUMONIA/PNEUMONIA(3542).jpg,PNEUMONIA
3543,test/PNEUMONIA/PNEUMONIA(3543).jpg,PNEUMONIA
3544,test/PNEUMONIA/PNEUMONIA(3544).jpg,PNEUMONIA
3545,test/PNEUMONIA/PNEUMONIA(3545).jpg,PNEUMONIA
3546,test/PNEUMONIA/PNEUMONIA(3546).jpg,PNEUMONIA
3547,test/PNEUMONIA/PNEUMONIA(3547).jpg,PNEUMONIA
3548,test/PNEUMONIA/PNEUMONIA(3548).jpg,PNEUMONIA
3549,test/PNEUMONIA/PNEUMONIA(3549).jpg,PNEUMONIA
3550,test/PNEUMONIA/PNEUMONIA(3550).jpg,PNEUMONIA
3551,test/PNEUMONIA/PNEUMONIA(3551).jpg,PNEUMONIA
3552,test/PNEUMONIA/PNEUMONIA(3552).jpg,PNEUMONIA
3553,test/PNEUMONIA/PNEUMONIA(3553).jpg,PNEUMONIA
3554,test/PNEUMONIA/PNEUMONIA(3554).jpg,PNEUMONIA
3555,test/PNEUMONIA/PNEUMONIA(3555).jpg,PNEUMONIA
3556,test/PNEUMONIA/PNEUMONIA(3556).jpg,PNEUMONIA
3557,test/PNEUMONIA/PNEUMONIA(3557).jpg,PNEUMONIA
3558,test/PNEUMONIA/PNEUMONIA(3558).jpg,PNEUMONIA
3559,test/PNEUMONIA/PNEUMONIA(3559).jpg,PNEUMONIA
3560,test/PNEUMONIA/PNEUMONIA(3560).jpg,PNEUMONIA
3561,test/PNEUMONIA/PNEUMONIA(3561).jpg,PNEUMONIA
3562,test/PNEUMONIA/PNEUMONIA(3562).jpg,PNEUMONIA
3563,test/PNEUMONIA/PNEUMONIA(3563).jpg,PNEUMONIA
3564,test/PNEUMONIA/PNEUMONIA(3564).jpg,PNEUMONIA
3565,test/PNEUMONIA/PNEUMONIA(3565).jpg,PNEUMONIA
3566,test/PNEUMONIA/PNEUMONIA(3566).jpg,PNEUMONIA
3567,test/PNEUMONIA/PNEUMONIA(3567).jpg,PNEUMONIA
3568,test/PNEUMONIA/PNEUMONIA(3568).jpg,PNEUMONIA
3569,test/PNEUMONIA/PNEUMONIA(3569).jpg,PNEUMONIA
3570,test/PNEUMONIA/PNEUMONIA(3570).jpg,PNEUMONIA
3571,test/PNEUMONIA/PNEUMONIA(3571).jpg,PNEUMONIA
3572,test/PNEUMONIA/PNEUMONIA(3572).jpg,PNEUMONIA
3573,test/PNEUMONIA/PNEUMONIA(3573).jpg,PNEUMONIA
3574,test/PNEUMONIA/PNEUMONIA(3574).jpg,PNEUMONIA
3575,test/PNEUMONIA/PNEUMONIA(3575).jpg,PNEUMONIA
3576,test/PNEUMONIA/PNEUMONIA(3576).jpg,PNEUMONIA
3577,test/PNEUMONIA/PNEUMONIA(3577).jpg,PNEUMONIA
3578,test/PNEUMONIA/PNEUMONIA(3578).jpg,PNEUMONIA
3579,test/PNEUMONIA/PNEUMONIA(3579).jpg,PNEUMONIA
3580,test/PNEUMONIA/PNEUMONIA(3580).jpg,PNEUMONIA
3581,test/PNEUMONIA/PNEUMONIA(3581).jpg,PNEUMONIA
3582,test/PNEUMONIA/PNEUMONIA(3582).jpg,PNEUMONIA
3583,test/PNEUMONIA/PNEUMONIA(3583).jpg,PNEUMONIA
3584,test/PNEUMONIA/PNEUMONIA(3584).jpg,PNEUMONIA
3585,test/PNEUMONIA/PNEUMONIA(3585).jpg,PNEUMONIA
3586,test/PNEUMONIA/PNEUMONIA(3586).jpg,PNEUMONIA
3587,test/PNEUMONIA/PNEUMONIA(3587).jpg,PNEUMONIA
3588,test/PNEUMONIA/PNEUMONIA(3588).jpg,PNEUMONIA
3589,test/PNEUMONIA/PNEUMONIA(3589).jpg,PNEUMONIA
3590,test/PNEUMONIA/PNEUMONIA(3590).jpg,PNEUMONIA
3591,test/PNEUMONIA/PNEUMONIA(3591).jpg,PNEUMONIA
3592,test/PNEUMONIA/PNEUMONIA(3592).jpg,PNEUMONIA
3593,test/PNEUMONIA/PNEUMONIA(3593).jpg,PNEUMONIA
3594,test/PNEUMONIA/PNEUMONIA(3594).jpg,PNEUMONIA
3595,test/PNEUMONIA/PNEUMONIA(3595).jpg,PNEUMONIA
3596,test/PNEUMONIA/PNEUMONIA(3596).jpg,PNEUMONIA
3597,test/PNEUMONIA/PNEUMONIA(3597).jpg,PNEUMONIA
3598,test/PNEUMONIA/PNEUMONIA(3598).jpg,PNEUMONIA
3599,test/PNEUMONIA/PNEUMONIA(3599).jpg,PNEUMONIA
3600,test/PNEUMONIA/PNEUMONIA(3600).jpg,PNEUMONIA
3601,test/PNEUMONIA/PNEUMONIA(3601).jpg,PNEUMONIA
3602,test/PNEUMONIA/PNEUMONIA(3602).jpg,PNEUMONIA
3603,test/PNEUMONIA/PNEUMONIA(3603).jpg,PNEUMONIA
3604,test/PNEUMONIA/PNEUMONIA(3604).jpg,PNEUMONIA
3605,test/PNEUMONIA/PNEUMONIA(3605).jpg,PNEUMONIA
3606,test/PNEUMONIA/PNEUMONIA(3606).jpg,PNEUMONIA
3607,test/PNEUMONIA/PNEUMONIA(3607).jpg,PNEUMONIA
3608,test/PNEUMONIA/PNEUMONIA(3608).jpg,PNEUMONIA
3609,test/PNEUMONIA/PNEUMONIA(3609).jpg,PNEUMONIA
3610,test/PNEUMONIA/PNEUMONIA(3610).jpg,PNEUMONIA
3611,test/PNEUMONIA/PNEUMONIA(3611).jpg,PNEUMONIA
3612,test/PNEUMONIA/PNEUMONIA(3612).jpg,PNEUMONIA
3613,test/PNEUMONIA/PNEUMONIA(3613).jpg,PNEUMONIA
3614,test/PNEUMONIA/PNEUMONIA(3614).jpg,PNEUMONIA
3615,test/PNEUMONIA/PNEUMONIA(3615).jpg,PNEUMONIA
3616,test/PNEUMONIA/PNEUMONIA(3616).jpg,PNEUMONIA
3617,test/PNEUMONIA/PNEUMONIA(3617).jpg,PNEUMONIA
3618,test/PNEUMONIA/PNEUMONIA(3618).jpg,PNEUMONIA
3619,test/PNEUMONIA/PNEUMONIA(3619).jpg,PNEUMONIA
3620,test/PNEUMONIA/PNEUMONIA(3620).jpg,PNEUMONIA
3621,test/PNEUMONIA/PNEUMONIA(3621).jpg,PNEUMONIA
3622,test/PNEUMONIA/PNEUMONIA(3622).jpg,PNEUMONIA
3623,test/PNEUMONIA/PNEUMONIA(3623).jpg,PNEUMONIA
3624,test/PNEUMONIA/PNEUMONIA(3624).jpg,PNEUMONIA
3625,test/PNEUMONIA/PNEUMONIA(3625).jpg,PNEUMONIA
3626,test/PNEUMONIA/PNEUMONIA(3626).jpg,PNEUMONIA
3627,test/PNEUMONIA/PNEUMONIA(3627).jpg,PNEUMONIA
3628,test/PNEUMONIA/PNEUMONIA(3628).jpg,PNEUMONIA
3629,test/PNEUMONIA/PNEUMONIA(3629).jpg,PNEUMONIA
3630,test/PNEUMONIA/PNEUMONIA(3630).jpg,PNEUMONIA
3631,test/PNEUMONIA/PNEUMONIA(3631).jpg,PNEUMONIA
3632,test/PNEUMONIA/PNEUMONIA(3632).jpg,PNEUMONIA
3633,test/PNEUMONIA/PNEUMONIA(3633).jpg,PNEUMONIA
3634,test/PNEUMONIA/PNEUMONIA(3634).jpg,PNEUMONIA
3635,test/PNEUMONIA/PNEUMONIA(3635).jpg,PNEUMONIA
3636,test/PNEUMONIA/PNEUMONIA(3636).jpg,PNEUMONIA
3637,test/PNEUMONIA/PNEUMONIA(3637).jpg,PNEUMONIA
3638,test/PNEUMONIA/PNEUMONIA(3638).jpg,PNEUMONIA
3639,test/PNEUMONIA/PNEUMONIA(3639).jpg,PNEUMONIA
3640,test/PNEUMONIA/PNEUMONIA(3640).jpg,PNEUMONIA
3641,test/PNEUMONIA/PNEUMONIA(3641).jpg,PNEUMONIA
3642,test/PNEUMONIA/PNEUMONIA(3642).jpg,PNEUMONIA
3643,test/PNEUMONIA/PNEUMONIA(3643).jpg,PNEUMONIA
3644,test/PNEUMONIA/PNEUMONIA(3644).jpg,PNEUMONIA
3645,test/PNEUMONIA/PNEUMONIA(3645).jpg,PNEUMONIA
3646,test/PNEUMONIA/PNEUMONIA(3646).jpg,PNEUMONIA
3647,test/PNEUMONIA/PNEUMONIA(3647).jpg,PNEUMONIA
3648,test/PNEUMONIA/PNEUMONIA(3648).jpg,PNEUMONIA
3649,test/PNEUMONIA/PNEUMONIA(3649).jpg,PNEUMONIA
3650,test/PNEUMONIA/PNEUMONIA(3650).jpg,PNEUMONIA
3651,test/PNEUMONIA/PNEUMONIA(3651).jpg,PNEUMONIA
3652,test/PNEUMONIA/PNEUMONIA(3652).jpg,PNEUMONIA
3653,test/PNEUMONIA/PNEUMONIA(3653).jpg,PNEUMONIA
3654,test/PNEUMONIA/PNEUMONIA(3654).jpg,PNEUMONIA
3655,test/PNEUMONIA/PNEUMONIA(3655).jpg,PNEUMONIA
3656,test/PNEUMONIA/PNEUMONIA(3656).jpg,PNEUMONIA
3657,test/PNEUMONIA/PNEUMONIA(3657).jpg,PNEUMONIA
3658,test/PNEUMONIA/PNEUMONIA(3658).jpg,PNEUMONIA
3659,test/PNEUMONIA/PNEUMONIA(3659).jpg,PNEUMONIA
3660,test/PNEUMONIA/PNEUMONIA(3660).jpg,PNEUMONIA
3661,test/PNEUMONIA/PNEUMONIA(3661).jpg,PNEUMONIA
3662,test/PNEUMONIA/PNEUMONIA(3662).jpg,PNEUMONIA
3663,test/PNEUMONIA/PNEUMONIA(3663).jpg,PNEUMONIA
3664,test/PNEUMONIA/PNEUMONIA(3664).jpg,PNEUMONIA
3665,test/PNEUMONIA/PNEUMONIA(3665).jpg,PNEUMONIA
3666,test/PNEUMONIA/PNEUMONIA(3666).jpg,PNEUMONIA
3667,test/PNEUMONIA/PNEUMONIA(3667).jpg,PNEUMONIA
3668,test/PNEUMONIA/PNEUMONIA(3668).jpg,PNEUMONIA
3669,test/PNEUMONIA/PNEUMONIA(3669).jpg,PNEUMONIA
3670,test/PNEUMONIA/PNEUMONIA(3670).jpg,PNEUMONIA
3671,test/PNEUMONIA/PNEUMONIA(3671).jpg,PNEUMONIA
3672,test/PNEUMONIA/PNEUMONIA(3672).jpg,PNEUMONIA
3673,test/PNEUMONIA/PNEUMONIA(3673).jpg,PNEUMONIA
3674,test/PNEUMONIA/PNEUMONIA(3674).jpg,PNEUMONIA
3675,test/PNEUMONIA/PNEUMONIA(3675).jpg,PNEUMONIA
3676,test/PNEUMONIA/PNEUMONIA(3676).jpg,PNEUMONIA
3677,test/PNEUMONIA/PNEUMONIA(3677).jpg,PNEUMONIA
3678,test/PNEUMONIA/PNEUMONIA(3678).jpg,PNEUMONIA
3679,test/PNEUMONIA/PNEUMONIA(3679).jpg,PNEUMONIA
3680,test/PNEUMONIA/PNEUMONIA(3680).jpg,PNEUMONIA
3681,test/PNEUMONIA/PNEUMONIA(3681).jpg,PNEUMONIA
3682,test/PNEUMONIA/PNEUMONIA(3682).jpg,PNEUMONIA
3683,test/PNEUMONIA/PNEUMONIA(3683).jpg,PNEUMONIA
3684,test/PNEUMONIA/PNEUMONIA(3684).jpg,PNEUMONIA
3685,test/PNEUMONIA/PNEUMONIA(3685).jpg,PNEUMONIA
3686,test/PNEUMONIA/PNEUMONIA(3686).jpg,PNEUMONIA
3687,test/PNEUMONIA/PNEUMONIA(3687).jpg,PNEUMONIA
3688,test/PNEUMONIA/PNEUMONIA(3688).jpg,PNEUMONIA
3689,test/PNEUMONIA/PNEUMONIA(3689).jpg,PNEUMONIA
3690,test/PNEUMONIA/PNEUMONIA(3690).jpg,PNEUMONIA
3691,test/PNEUMONIA/PNEUMONIA(3691).jpg,PNEUMONIA
3692,test/PNEUMONIA/PNEUMONIA(3692).jpg,PNEUMONIA
3693,test/PNEUMONIA/PNEUMONIA(3693).jpg,PNEUMONIA
3694,test/PNEUMONIA/PNEUMONIA(3694).jpg,PNEUMONIA
3695,test/PNEUMONIA/PNEUMONIA(3695).jpg,PNEUMONIA
3696,test/PNEUMONIA/PNEUMONIA(3696).jpg,PNEUMONIA
3697,test/PNEUMONIA/PNEUMONIA(3697).jpg,PNEUMONIA
3698,test/PNEUMONIA/PNEUMONIA(3698).jpg,PNEUMONIA
3699,test/PNEUMONIA/PNEUMONIA(3699).jpg,PNEUMONIA
3700,test/PNEUMONIA/PNEUMONIA(3700).jpg,PNEUMONIA
3701,test/PNEUMONIA/PNEUMONIA(3701).jpg,PNEUMONIA
3702,test/PNEUMONIA/PNEUMONIA(3702).jpg,PNEUMONIA
3703,test/PNEUMONIA/PNEUMONIA(3703).jpg,PNEUMONIA
3704,test/PNEUMONIA/PNEUMONIA(3704).jpg,PNEUMONIA
3705,test/PNEUMONIA/PNEUMONIA(3705).jpg,PNEUMONIA
3706,test/PNEUMONIA/PNEUMONIA(3706).jpg,PNEUMONIA
3707,test/PNEUMONIA/PNEUMONIA(3707).jpg,PNEUMONIA
3708,test/PNEUMONIA/PNEUMONIA(3708).jpg,PNEUMONIA
3709,test/PNEUMONIA/PNEUMONIA(3709).jpg,PNEUMONIA
3710,test/PNEUMONIA/PNEUMONIA(3710).jpg,PNEUMONIA
3711,test/PNEUMONIA/PNEUMONIA(3711).jpg,PNEUMONIA
3712,test/PNEUMONIA/PNEUMONIA(3712).jpg,PNEUMONIA
3713,test/PNEUMONIA/PNEUMONIA(3713).jpg,PNEUMONIA
3714,test/PNEUMONIA/PNEUMONIA(3714).jpg,PNEUMONIA
3715,test/PNEUMONIA/PNEUMONIA(3715).jpg,PNEUMONIA
3716,test/PNEUMONIA/PNEUMONIA(3716).jpg,PNEUMONIA
3717,test/PNEUMONIA/PNEUMONIA(3717).jpg,PNEUMONIA
3718,test/PNEUMONIA/PNEUMONIA(3718).jpg,PNEUMONIA
3719,test/PNEUMONIA/PNEUMONIA(3719).jpg,PNEUMONIA
3720,test/PNEUMONIA/PNEUMONIA(3720).jpg,PNEUMONIA
3721,test/PNEUMONIA/PNEUMONIA(3721).jpg,PNEUMONIA
3722,test/PNEUMONIA/PNEUMONIA(3722).jpg,PNEUMONIA
3723,test/PNEUMONIA/PNEUMONIA(3723).jpg,PNEUMONIA
3724,test/PNEUMONIA/PNEUMONIA(3724).jpg,PNEUMONIA
3725,test/PNEUMONIA/PNEUMONIA(3725).jpg,PNEUMONIA
3726,test/PNEUMONIA/PNEUMONIA(3726).jpg,PNEUMONIA
3727,test/PNEUMONIA/PNEUMONIA(3727).jpg,PNEUMONIA
3728,test/PNEUMONIA/PNEUMONIA(3728).jpg,PNEUMONIA
3729,test/PNEUMONIA/PNEUMONIA(3729).jpg,PNEUMONIA
3730,test/PNEUMONIA/PNEUMONIA(3730).jpg,PNEUMONIA
3731,test/PNEUMONIA/PNEUMONIA(3731).jpg,PNEUMONIA
3732,test/PNEUMONIA/PNEUMONIA(3732).jpg,PNEUMONIA
3733,test/PNEUMONIA/PNEUMONIA(3733).jpg,PNEUMONIA
3734,test/PNEUMONIA/PNEUMONIA(3734).jpg,PNEUMONIA
3735,test/PNEUMONIA/PNEUMONIA(3735).jpg,PNEUMONIA
3736,test/PNEUMONIA/PNEUMONIA(3736).jpg,PNEUMONIA
3737,test/PNEUMONIA/PNEUMONIA(3737).jpg,PNEUMONIA
3738,test/PNEUMONIA/PNEUMONIA(3738).jpg,PNEUMONIA
3739,test/PNEUMONIA/PNEUMONIA(3739).jpg,PNEUMONIA
3740,test/PNEUMONIA/PNEUMONIA(3740).jpg,PNEUMONIA
3741,test/PNEUMONIA/PNEUMONIA(3741).jpg,PNEUMONIA
3742,test/PNEUMONIA/PNEUMONIA(3742).jpg,PNEUMONIA
3743,test/PNEUMONIA/PNEUMONIA(3743).jpg,PNEUMONIA
3744,test/PNEUMONIA/PNEUMONIA(3744).jpg,PNEUMONIA
3745,test/PNEUMONIA/PNEUMONIA(3745).jpg,PNEUMONIA
3746,test/PNEUMONIA/PNEUMONIA(3746).jpg,PNEUMONIA
3747,test/PNEUMONIA/PNEUMONIA(3747).jpg,PNEUMONIA
3748,test/PNEUMONIA/PNEUMONIA(3748).jpg,PNEUMONIA
3749,test/PNEUMONIA/PNEUMONIA(3749).jpg,PNEUMONIA
3750,test/PNEUMONIA/PNEUMONIA(3750).jpg,PNEUMONIA
3751,test/PNEUMONIA/PNEUMONIA(3751).jpg,PNEUMONIA
3752,test/PNEUMONIA/PNEUMONIA(3752).jpg,PNEUMONIA
3753,test/PNEUMONIA/PNEUMONIA(3753).jpg,PNEUMONIA
3754,test/PNEUMONIA/PNEUMONIA(3754).jpg,PNEUMONIA
3755,test/PNEUMONIA/PNEUMONIA(3755).jpg,PNEUMONIA
3756,test/PNEUMONIA/PNEUMONIA(3756).jpg,PNEUMONIA
3757,test/PNEUMONIA/PNEUMONIA(3757).jpg,PNEUMONIA
3758,test/PNEUMONIA/PNEUMONIA(3758).jpg,PNEUMONIA
3759,test/PNEUMONIA/PNEUMONIA(3759).jpg,PNEUMONIA
3760,test/PNEUMONIA/PNEUMONIA(3760).jpg,PNEUMONIA
3761,test/PNEUMONIA/PNEUMONIA(3761).jpg,PNEUMONIA
3762,test/PNEUMONIA/PNEUMONIA(3762).jpg,PNEUMONIA
3763,test/PNEUMONIA/PNEUMONIA(3763).jpg,PNEUMONIA
3764,test/PNEUMONIA/PNEUMONIA(3764).jpg,PNEUMONIA
3765,test/PNEUMONIA/PNEUMONIA(3765).jpg,PNEUMONIA
3766,test/PNEUMONIA/PNEUMONIA(3766).jpg,PNEUMONIA
3767,test/PNEUMONIA/PNEUMONIA(3767).jpg,PNEUMONIA
3768,test/PNEUMONIA/PNEUMONIA(3768).jpg,PNEUMONIA
3769,test/PNEUMONIA/PNEUMONIA(3769).jpg,PNEUMONIA
3770,test/PNEUMONIA/PNEUMONIA(3770).jpg,PNEUMONIA
3771,test/PNEUMONIA/PNEUMONIA(3771).jpg,PNEUMONIA
3772,test/PNEUMONIA/PNEUMONIA(3772).jpg,PNEUMONIA
3773,test/PNEUMONIA/PNEUMONIA(3773).jpg,PNEUMONIA
3774,test/PNEUMONIA/PNEUMONIA(3774).jpg,PNEUMONIA
3775,test/PNEUMONIA/PNEUMONIA(3775).jpg,PNEUMONIA
3776,test/PNEUMONIA/PNEUMONIA(3776).jpg,PNEUMONIA
3777,test/PNEUMONIA/PNEUMONIA(3777).jpg,PNEUMONIA
3778,test/PNEUMONIA/PNEUMONIA(3778).jpg,PNEUMONIA
3779,test/PNEUMONIA/PNEUMONIA(3779).jpg,PNEUMONIA
3780,test/PNEUMONIA/PNEUMONIA(3780).jpg,PNEUMONIA
3781,test/PNEUMONIA/PNEUMONIA(3781).jpg,PNEUMONIA
3782,test/PNEUMONIA/PNEUMONIA(3782).jpg,PNEUMONIA
3783,test/PNEUMONIA/PNEUMONIA(3783).jpg,PNEUMONIA
3784,test/PNEUMONIA/PNEUMONIA(3784).jpg,PNEUMONIA
3785,test/PNEUMONIA/PNEUMONIA(3785).jpg,PNEUMONIA
3786,test/PNEUMONIA/PNEUMONIA(3786).jpg,PNEUMONIA
3787,test/PNEUMONIA/PNEUMONIA(3787).jpg,PNEUMONIA
3788,test/PNEUMONIA/PNEUMONIA(3788).jpg,PNEUMONIA
3789,test/PNEUMONIA/PNEUMONIA(3789).jpg,PNEUMONIA
3790,test/PNEUMONIA/PNEUMONIA(3790).jpg,PNEUMONIA
3791,test/PNEUMONIA/PNEUMONIA(3791).jpg,PNEUMONIA
3792,test/PNEUMONIA/PNEUMONIA(3792).jpg,PNEUMONIA
3793,test/PNEUMONIA/PNEUMONIA(3793).jpg,PNEUMONIA
3794,test/PNEUMONIA/PNEUMONIA(3794).jpg,PNEUMONIA
3795,test/PNEUMONIA/PNEUMONIA(3795).jpg,PNEUMONIA
3796,test/PNEUMONIA/PNEUMONIA(3796).jpg,PNEUMONIA
3797,test/PNEUMONIA/PNEUMONIA(3797).jpg,PNEUMONIA
3798,test/PNEUMONIA/PNEUMONIA(3798).jpg,PNEUMONIA
3799,test/PNEUMONIA/PNEUMONIA(3799).jpg,PNEUMONIA
3800,test/PNEUMONIA/PNEUMONIA(3800).jpg,PNEUMONIA
3801,test/PNEUMONIA/PNEUMONIA(3801).jpg,PNEUMONIA
3802,test/PNEUMONIA/PNEUMONIA(3802).jpg,PNEUMONIA
3803,test/PNEUMONIA/PNEUMONIA(3803).jpg,PNEUMONIA
3804,test/PNEUMONIA/PNEUMONIA(3804).jpg,PNEUMONIA
3805,test/PNEUMONIA/PNEUMONIA(3805).jpg,PNEUMONIA
3806,test/PNEUMONIA/PNEUMONIA(3806).jpg,PNEUMONIA
3807,test/PNEUMONIA/PNEUMONIA(3807).jpg,PNEUMONIA
3808,test/PNEUMONIA/PNEUMONIA(3808).jpg,PNEUMONIA
3809,test/PNEUMONIA/PNEUMONIA(3809).jpg,PNEUMONIA
3810,test/PNEUMONIA/PNEUMONIA(3810).jpg,PNEUMONIA
3811,test/PNEUMONIA/PNEUMONIA(3811).jpg,PNEUMONIA
3812,test/PNEUMONIA/PNEUMONIA(3812).jpg,PNEUMONIA
3813,test/PNEUMONIA/PNEUMONIA(3813).jpg,PNEUMONIA
3814,test/PNEUMONIA/PNEUMONIA(3814).jpg,PNEUMONIA
3815,test/PNEUMONIA/PNEUMONIA(3815).jpg,PNEUMONIA
3816,test/PNEUMONIA/PNEUMONIA(3816).jpg,PNEUMONIA
3817,test/PNEUMONIA/PNEUMONIA(3817).jpg,PNEUMONIA
3818,test/PNEUMONIA/PNEUMONIA(3818).jpg,PNEUMONIA
3819,test/PNEUMONIA/PNEUMONIA(3819).jpg,PNEUMONIA
3820,test/PNEUMONIA/PNEUMONIA(3820).jpg,PNEUMONIA
3821,test/PNEUMONIA/PNEUMONIA(3821).jpg,PNEUMONIA
3822,test/PNEUMONIA/PNEUMONIA(3822).jpg,PNEUMONIA
3823,test/PNEUMONIA/PNEUMONIA(3823).jpg,PNEUMONIA
3824,test/PNEUMONIA/PNEUMONIA(3824).jpg,PNEUMONIA
3825,test/PNEUMONIA/PNEUMONIA(3825).jpg,PNEUMONIA
3826,test/PNEUMONIA/PNEUMONIA(3826).jpg,PNEUMONIA
3827,test/PNEUMONIA/PNEUMONIA(3827).jpg,PNEUMONIA
3828,test/PNEUMONIA/PNEUMONIA(3828).jpg,PNEUMONIA
3829,test/PNEUMONIA/PNEUMONIA(3829).jpg,PNEUMONIA
3830,test/PNEUMONIA/PNEUMONIA(3830).jpg,PNEUMONIA
3831,test/PNEUMONIA/PNEUMONIA(3831).jpg,PNEUMONIA
3832,test/PNEUMONIA/PNEUMONIA(3832).jpg,PNEUMONIA
3833,test/PNEUMONIA/PNEUMONIA(3833).jpg,PNEUMONIA
3834,test/PNEUMONIA/PNEUMONIA(3834).jpg,PNEUMONIA
3835,test/PNEUMONIA/PNEUMONIA(3835).jpg,PNEUMONIA
3836,test/PNEUMONIA/PNEUMONIA(3836).jpg,PNEUMONIA
3837,test/PNEUMONIA/PNEUMONIA(3837).jpg,PNEUMONIA
3838,test/PNEUMONIA/PNEUMONIA(3838).jpg,PNEUMONIA
3839,test/PNEUMONIA/PNEUMONIA(3839).jpg,PNEUMONIA
3840,test/PNEUMONIA/PNEUMONIA(3840).jpg,PNEUMONIA
3841,test/PNEUMONIA/PNEUMONIA(3841).jpg,PNEUMONIA
3842,test/PNEUMONIA/PNEUMONIA(3842).jpg,PNEUMONIA
3843,test/PNEUMONIA/PNEUMONIA(3843).jpg,PNEUMONIA
3844,test/PNEUMONIA/PNEUMONIA(3844).jpg,PNEUMONIA
3845,test/PNEUMONIA/PNEUMONIA(3845).jpg,PNEUMONIA
3846,test/PNEUMONIA/PNEUMONIA(3846).jpg,PNEUMONIA
3847,test/PNEUMONIA/PNEUMONIA(3847).jpg,PNEUMONIA
3848,test/PNEUMONIA/PNEUMONIA(3848).jpg,PNEUMONIA
3849,test/PNEUMONIA/PNEUMONIA(3849).jpg,PNEUMONIA
3850,test/PNEUMONIA/PNEUMONIA(3850).jpg,PNEUMONIA
3851,test/PNEUMONIA/PNEUMONIA(3851).jpg,PNEUMONIA
3852,test/PNEUMONIA/PNEUMONIA(3852).jpg,PNEUMONIA
3853,test/PNEUMONIA/PNEUMONIA(3853).jpg,PNEUMONIA
3854,test/PNEUMONIA/PNEUMONIA(3854).jpg,PNEUMONIA
3855,test/PNEUMONIA/PNEUMONIA(3855).jpg,PNEUMONIA
3856,test/PNEUMONIA/PNEUMONIA(3856).jpg,PNEUMONIA
3857,test/PNEUMONIA/PNEUMONIA(3857).jpg,PNEUMONIA
3858,test/PNEUMONIA/PNEUMONIA(3858).jpg,PNEUMONIA
3859,test/PNEUMONIA/PNEUMONIA(3859).jpg,PNEUMONIA
3860,test/PNEUMONIA/PNEUMONIA(3860).jpg,PNEUMONIA
3861,test/PNEUMONIA/PNEUMONIA(3861).jpg,PNEUMONIA
3862,test/PNEUMONIA/PNEUMONIA(3862).jpg,PNEUMONIA
3863,test/PNEUMONIA/PNEUMONIA(3863).jpg,PNEUMONIA
3864,test/PNEUMONIA/PNEUMONIA(3864).jpg,PNEUMONIA
3865,test/PNEUMONIA/PNEUMONIA(3865).jpg,PNEUMONIA
3866,test/PNEUMONIA/PNEUMONIA(3866).jpg,PNEUMONIA
3867,test/PNEUMONIA/PNEUMONIA(3867).jpg,PNEUMONIA
3868,test/PNEUMONIA/PNEUMONIA(3868).jpg,PNEUMONIA
3869,test/PNEUMONIA/PNEUMONIA(3869).jpg,PNEUMONIA
3870,test/PNEUMONIA/PNEUMONIA(3870).jpg,PNEUMONIA
3871,test/PNEUMONIA/PNEUMONIA(3871).jpg,PNEUMONIA
3872,test/PNEUMONIA/PNEUMONIA(3872).jpg,PNEUMONIA
3873,test/PNEUMONIA/PNEUMONIA(3873).jpg,PNEUMONIA
3874,test/PNEUMONIA/PNEUMONIA(3874).jpg,PNEUMONIA
3875,test/PNEUMONIA/PNEUMONIA(3875).jpg,PNEUMONIA
3876,test/PNEUMONIA/PNEUMONIA(3876).jpg,PNEUMONIA
3877,test/PNEUMONIA/PNEUMONIA(3877).jpg,PNEUMONIA
3878,test/PNEUMONIA/PNEUMONIA(3878).jpg,PNEUMONIA
3879,test/PNEUMONIA/PNEUMONIA(3879).jpg,PNEUMONIA
3880,test/PNEUMONIA/PNEUMONIA(3880).jpg,PNEUMONIA
3881,test/PNEUMONIA/PNEUMONIA(3881).jpg,PNEUMONIA
3882,test/PNEUMONIA/PNEUMONIA(3882).jpg,PNEUMONIA
3883,test/PNEUMONIA/PNEUMONIA(3883).jpg,PNEUMONIA
3884,test/PNEUMONIA/PNEUMONIA(3884).jpg,PNEUMONIA
3885,test/PNEUMONIA/PNEUMONIA(3885).jpg,PNEUMONIA
3886,test/PNEUMONIA/PNEUMONIA(3886).jpg,PNEUMONIA
3887,test/PNEUMONIA/PNEUMONIA(3887).jpg,PNEUMONIA
3888,test/PNEUMONIA/PNEUMONIA(3888).jpg,PNEUMONIA
3889,test/PNEUMONIA/PNEUMONIA(3889).jpg,PNEUMONIA
3890,test/PNEUMONIA/PNEUMONIA(3890).jpg,PNEUMONIA
3891,test/PNEUMONIA/PNEUMONIA(3891).jpg,PNEUMONIA
3892,test/PNEUMONIA/PNEUMONIA(3892).jpg,PNEUMONIA
3893,test/PNEUMONIA/PNEUMONIA(3893).jpg,PNEUMONIA
3894,test/PNEUMONIA/PNEUMONIA(3894).jpg,PNEUMONIA
3895,test/PNEUMONIA/PNEUMONIA(3895).jpg,PNEUMONIA
3896,test/PNEUMONIA/PNEUMONIA(3896).jpg,PNEUMONIA
3897,test/PNEUMONIA/PNEUMONIA(3897).jpg,PNEUMONIA
3898,test/PNEUMONIA/PNEUMONIA(3898).jpg,PNEUMONIA
3899,test/PNEUMONIA/PNEUMONIA(3899).jpg,PNEUMONIA
3900,test/PNEUMONIA/PNEUMONIA(3900).jpg,PNEUMONIA
3901,test/PNEUMONIA/PNEUMONIA(3901).jpg,PNEUMONIA
3902,test/PNEUMONIA/PNEUMONIA(3902).jpg,PNEUMONIA
3903,test/PNEUMONIA/PNEUMONIA(3903).jpg,PNEUMONIA
3904,test/PNEUMONIA/PNEUMONIA(3904).jpg,PNEUMONIA
3905,test/PNEUMONIA/PNEUMONIA(3905).jpg,PNEUMONIA
3906,test/PNEUMONIA/PNEUMONIA(3906).jpg,PNEUMONIA
3907,test/PNEUMONIA/PNEUMONIA(3907).jpg,PNEUMONIA
3908,test/PNEUMONIA/PNEUMONIA(3908).jpg,PNEUMONIA
3909,test/PNEUMONIA/PNEUMONIA(3909).jpg,PNEUMONIA
3910,test/PNEUMONIA/PNEUMONIA(3910).jpg,PNEUMONIA
3911,test/PNEUMONIA/PNEUMONIA(3911).jpg,PNEUMONIA
3912,test/PNEUMONIA/PNEUMONIA(3912).jpg,PNEUMONIA
3913,test/PNEUMONIA/PNEUMONIA(3913).jpg,PNEUMONIA
3914,test/PNEUMONIA/PNEUMONIA(3914).jpg,PNEUMONIA
3915,test/PNEUMONIA/PNEUMONIA(3915).jpg,PNEUMONIA
3916,test/PNEUMONIA/PNEUMONIA(3916).jpg,PNEUMONIA
3917,test/PNEUMONIA/PNEUMONIA(3917).jpg,PNEUMONIA
3918,test/PNEUMONIA/PNEUMONIA(3918).jpg,PNEUMONIA
3919,test/PNEUMONIA/PNEUMONIA(3919).jpg,PNEUMONIA
3920,test/PNEUMONIA/PNEUMONIA(3920).jpg,PNEUMONIA
3921,test/PNEUMONIA/PNEUMONIA(3921).jpg,PNEUMONIA
3922,test/PNEUMONIA/PNEUMONIA(3922).jpg,PNEUMONIA
3923,test/PNEUMONIA/PNEUMONIA(3923).jpg,PNEUMONIA
3924,test/PNEUMONIA/PNEUMONIA(3924).jpg,PNEUMONIA
3925,test/PNEUMONIA/PNEUMONIA(3925).jpg,PNEUMONIA
3926,test/PNEUMONIA/PNEUMONIA(3926).jpg,PNEUMONIA
3927,test/PNEUMONIA/PNEUMONIA(3927).jpg,PNEUMONIA
3928,test/PNEUMONIA/PNEUMONIA(3928).jpg,PNEUMONIA
3929,test/PNEUMONIA/PNEUMONIA(3929).jpg,PNEUMONIA
3930,test/PNEUMONIA/PNEUMONIA(3930).jpg,PNEUMONIA
3931,test/PNEUMONIA/PNEUMONIA(3931).jpg,PNEUMONIA
3932,test/PNEUMONIA/PNEUMONIA(3932).jpg,PNEUMONIA
3933,test/PNEUMONIA/PNEUMONIA(3933).jpg,PNEUMONIA
3934,test/PNEUMONIA/PNEUMONIA(3934).jpg,PNEUMONIA
3935,test/PNEUMONIA/PNEUMONIA(3935).jpg,PNEUMONIA
3936,test/PNEUMONIA/PNEUMONIA(3936).jpg,PNEUMONIA
3937,test/PNEUMONIA/PNEUMONIA(3937).jpg,PNEUMONIA
3938,test/PNEUMONIA/PNEUMONIA(3938).jpg,PNEUMONIA
3939,test/PNEUMONIA/PNEUMONIA(3939).jpg,PNEUMONIA
3940,test/PNEUMONIA/PNEUMONIA(3940).jpg,PNEUMONIA
3941,test/PNEUMONIA/PNEUMONIA(3941).jpg,PNEUMONIA
3942,test/PNEUMONIA/PNEUMONIA(3942).jpg,PNEUMONIA
3943,test/PNEUMONIA/PNEUMONIA(3943).jpg,PNEUMONIA
3944,test/PNEUMONIA/PNEUMONIA(3944).jpg,PNEUMONIA
3945,test/PNEUMONIA/PNEUMONIA(3945).jpg,PNEUMONIA
3946,test/PNEUMONIA/PNEUMONIA(3946).jpg,PNEUMONIA
3947,test/PNEUMONIA/PNEUMONIA(3947).jpg,PNEUMONIA
3948,test/PNEUMONIA/PNEUMONIA(3948).jpg,PNEUMONIA
3949,test/PNEUMONIA/PNEUMONIA(3949).jpg,PNEUMONIA
3950,test/PNEUMONIA/PNEUMONIA(3950).jpg,PNEUMONIA
3951,test/PNEUMONIA/PNEUMONIA(3951).jpg,PNEUMONIA
3952,test/PNEUMONIA/PNEUMONIA(3952).jpg,PNEUMONIA
3953,test/PNEUMONIA/PNEUMONIA(3953).jpg,PNEUMONIA
3954,test/PNEUMONIA/PNEUMONIA(3954).jpg,PNEUMONIA
3955,test/PNEUMONIA/PNEUMONIA(3955).jpg,PNEUMONIA
3956,test/PNEUMONIA/PNEUMONIA(3956).jpg,PNEUMONIA
3957,test/PNEUMONIA/PNEUMONIA(3957).jpg,PNEUMONIA
3958,test/PNEUMONIA/PNEUMONIA(3958).jpg,PNEUMONIA
3959,test/PNEUMONIA/PNEUMONIA(3959).jpg,PNEUMONIA
3960,test/PNEUMONIA/PNEUMONIA(3960).jpg,PNEUMONIA
3961,test/PNEUMONIA/PNEUMONIA(3961).jpg,PNEUMONIA
3962,test/PNEUMONIA/PNEUMONIA(3962).jpg,PNEUMONIA
3963,test/PNEUMONIA/PNEUMONIA(3963).jpg,PNEUMONIA
3964,test/PNEUMONIA/PNEUMONIA(3964).jpg,PNEUMONIA
3965,test/PNEUMONIA/PNEUMONIA(3965).jpg,PNEUMONIA
3966,test/PNEUMONIA/PNEUMONIA(3966).jpg,PNEUMONIA
3967,test/PNEUMONIA/PNEUMONIA(3967).jpg,PNEUMONIA
3968,test/PNEUMONIA/PNEUMONIA(3968).jpg,PNEUMONIA
3969,test/PNEUMONIA/PNEUMONIA(3969).jpg,PNEUMONIA
3970,test/PNEUMONIA/PNEUMONIA(3970).jpg,PNEUMONIA
3971,test/PNEUMONIA/PNEUMONIA(3971).jpg,PNEUMONIA
3972,test/PNEUMONIA/PNEUMONIA(3972).jpg,PNEUMONIA
3973,test/PNEUMONIA/PNEUMONIA(3973).jpg,PNEUMONIA
3974,test/PNEUMONIA/PNEUMONIA(3974).jpg,PNEUMONIA
3975,test/PNEUMONIA/PNEUMONIA(3975).jpg,PNEUMONIA
3976,test/PNEUMONIA/PNEUMONIA(3976).jpg,PNEUMONIA
3977,test/PNEUMONIA/PNEUMONIA(3977).jpg,PNEUMONIA
3978,test/PNEUMONIA/PNEUMONIA(3978).jpg,PNEUMONIA
3979,test/PNEUMONIA/PNEUMONIA(3979).jpg,PNEUMONIA
3980,test/PNEUMONIA/PNEUMONIA(3980).jpg,PNEUMONIA
3981,test/PNEUMONIA/PNEUMONIA(3981).jpg,PNEUMONIA
3982,test/PNEUMONIA/PNEUMONIA(3982).jpg,PNEUMONIA
3983,test/PNEUMONIA/PNEUMONIA(3983).jpg,PNEUMONIA
3984,test/PNEUMONIA/PNEUMONIA(3984).jpg,PNEUMONIA
3985,test/PNEUMONIA/PNEUMONIA(3985).jpg,PNEUMONIA
3986,test/PNEUMONIA/PNEUMONIA(3986).jpg,PNEUMONIA
3987,test/PNEUMONIA/PNEUMONIA(3987).jpg,PNEUMONIA
3988,test/PNEUMONIA/PNEUMONIA(3988).jpg,PNEUMONIA
3989,test/PNEUMONIA/PNEUMONIA(3989).jpg,PNEUMONIA
3990,test/PNEUMONIA/PNEUMONIA(3990).jpg,PNEUMONIA
3991,test/PNEUMONIA/PNEUMONIA(3991).jpg,PNEUMONIA
3992,test/PNEUMONIA/PNEUMONIA(3992).jpg,PNEUMONIA
3993,test/PNEUMONIA/PNEUMONIA(3993).jpg,PNEUMONIA
3994,test/PNEUMONIA/PNEUMONIA(3994).jpg,PNEUMONIA
3995,test/PNEUMONIA/PNEUMONIA(3995).jpg,PNEUMONIA
3996,test/PNEUMONIA/PNEUMONIA(3996).jpg,PNEUMONIA
3997,test/PNEUMONIA/PNEUMONIA(3997).jpg,PNEUMONIA
3998,test/PNEUMONIA/PNEUMONIA(3998).jpg,PNEUMONIA
3999,test/PNEUMONIA/PNEUMONIA(3999).jpg,PNEUMONIA
4000,test/PNEUMONIA/PNEUMONIA(4000).jpg,PNEUMONIA
4001,test/PNEUMONIA/PNEUMONIA(4001).jpg,PNEUMONIA
4002,test/PNEUMONIA/PNEUMONIA(4002).jpg,PNEUMONIA
4003,test/PNEUMONIA/PNEUMONIA(4003).jpg,PNEUMONIA
4004,test/PNEUMONIA/PNEUMONIA(4004).jpg,PNEUMONIA
4005,test/PNEUMONIA/PNEUMONIA(4005).jpg,PNEUMONIA
4006,test/PNEUMONIA/PNEUMONIA(4006).jpg,PNEUMONIA
4007,test/PNEUMONIA/PNEUMONIA(4007).jpg,PNEUMONIA
4008,test/PNEUMONIA/PNEUMONIA(4008).jpg,PNEUMONIA
4009,test/PNEUMONIA/PNEUMONIA(4009).jpg,PNEUMONIA
4010,test/PNEUMONIA/PNEUMONIA(4010).jpg,PNEUMONIA
4011,test/PNEUMONIA/PNEUMONIA(4011).jpg,PNEUMONIA
4012,test/PNEUMONIA/PNEUMONIA(4012).jpg,PNEUMONIA
4013,test/PNEUMONIA/PNEUMONIA(4013).jpg,PNEUMONIA
4014,test/PNEUMONIA/PNEUMONIA(4014).jpg,PNEUMONIA
4015,test/PNEUMONIA/PNEUMONIA(4015).jpg,PNEUMONIA
4016,test/PNEUMONIA/PNEUMONIA(4016).jpg,PNEUMONIA
4017,test/PNEUMONIA/PNEUMONIA(4017).jpg,PNEUMONIA
4018,test/PNEUMONIA/PNEUMONIA(4018).jpg,PNEUMONIA
4019,test/PNEUMONIA/PNEUMONIA(4019).jpg,PNEUMONIA
4020,test/PNEUMONIA/PNEUMONIA(4020).jpg,PNEUMONIA
4021,test/PNEUMONIA/PNEUMONIA(4021).jpg,PNEUMONIA
4022,test/PNEUMONIA/PNEUMONIA(4022).jpg,PNEUMONIA
4023,test/PNEUMONIA/PNEUMONIA(4023).jpg,PNEUMONIA
4024,test/PNEUMONIA/PNEUMONIA(4024).jpg,PNEUMONIA
4025,test/PNEUMONIA/PNEUMONIA(4025).jpg,PNEUMONIA
4026,test/PNEUMONIA/PNEUMONIA(4026).jpg,PNEUMONIA
4027,test/PNEUMONIA/PNEUMONIA(4027).jpg,PNEUMONIA
4028,test/PNEUMONIA/PNEUMONIA(4028).jpg,PNEUMONIA
4029,test/PNEUMONIA/PNEUMONIA(4029).jpg,PNEUMONIA
4030,test/PNEUMONIA/PNEUMONIA(4030).jpg,PNEUMONIA
4031,test/PNEUMONIA/PNEUMONIA(4031).jpg,PNEUMONIA
4032,test/PNEUMONIA/PNEUMONIA(4032).jpg,PNEUMONIA
4033,test/PNEUMONIA/PNEUMONIA(4033).jpg,PNEUMONIA
4034,test/PNEUMONIA/PNEUMONIA(4034).jpg,PNEUMONIA
4035,test/PNEUMONIA/PNEUMONIA(4035).jpg,PNEUMONIA
4036,test/PNEUMONIA/PNEUMONIA(4036).jpg,PNEUMONIA
4037,test/PNEUMONIA/PNEUMONIA(4037).jpg,PNEUMONIA
4038,test/PNEUMONIA/PNEUMONIA(4038).jpg,PNEUMONIA
4039,test/PNEUMONIA/PNEUMONIA(4039).jpg,PNEUMONIA
4040,test/PNEUMONIA/PNEUMONIA(4040).jpg,PNEUMONIA
4041,test/PNEUMONIA/PNEUMONIA(4041).jpg,PNEUMONIA
4042,test/PNEUMONIA/PNEUMONIA(4042).jpg,PNEUMONIA
4043,test/PNEUMONIA/PNEUMONIA(4043).jpg,PNEUMONIA
4044,test/PNEUMONIA/PNEUMONIA(4044).jpg,PNEUMONIA
4045,test/PNEUMONIA/PNEUMONIA(4045).jpg,PNEUMONIA
4046,test/PNEUMONIA/PNEUMONIA(4046).jpg,PNEUMONIA
4047,test/PNEUMONIA/PNEUMONIA(4047).jpg,PNEUMONIA
4048,test/PNEUMONIA/PNEUMONIA(4048).jpg,PNEUMONIA
4049,test/PNEUMONIA/PNEUMONIA(4049).jpg,PNEUMONIA
4050,test/PNEUMONIA/PNEUMONIA(4050).jpg,PNEUMONIA
4051,test/PNEUMONIA/PNEUMONIA(4051).jpg,PNEUMONIA
4052,test/PNEUMONIA/PNEUMONIA(4052).jpg,PNEUMONIA
4053,test/PNEUMONIA/PNEUMONIA(4053).jpg,PNEUMONIA
4054,test/PNEUMONIA/PNEUMONIA(4054).jpg,PNEUMONIA
4055,test/PNEUMONIA/PNEUMONIA(4055).jpg,PNEUMONIA
4056,test/PNEUMONIA/PNEUMONIA(4056).jpg,PNEUMONIA
4057,test/PNEUMONIA/PNEUMONIA(4057).jpg,PNEUMONIA
4058,test/PNEUMONIA/PNEUMONIA(4058).jpg,PNEUMONIA
4059,test/PNEUMONIA/PNEUMONIA(4059).jpg,PNEUMONIA
4060,test/PNEUMONIA/PNEUMONIA(4060).jpg,PNEUMONIA
4061,test/PNEUMONIA/PNEUMONIA(4061).jpg,PNEUMONIA
4062,test/PNEUMONIA/PNEUMONIA(4062).jpg,PNEUMONIA
4063,test/PNEUMONIA/PNEUMONIA(4063).jpg,PNEUMONIA
4064,test/PNEUMONIA/PNEUMONIA(4064).jpg,PNEUMONIA
4065,test/PNEUMONIA/PNEUMONIA(4065).jpg,PNEUMONIA
4066,test/PNEUMONIA/PNEUMONIA(4066).jpg,PNEUMONIA
4067,test/PNEUMONIA/PNEUMONIA(4067).jpg,PNEUMONIA
4068,test/PNEUMONIA/PNEUMONIA(4068).jpg,PNEUMONIA
4069,test/PNEUMONIA/PNEUMONIA(4069).jpg,PNEUMONIA
4070,test/PNEUMONIA/PNEUMONIA(4070).jpg,PNEUMONIA
4071,test/PNEUMONIA/PNEUMONIA(4071).jpg,PNEUMONIA
4072,test/PNEUMONIA/PNEUMONIA(4072).jpg,PNEUMONIA
4073,test/PNEUMONIA/PNEUMONIA(4073).jpg,PNEUMONIA
4074,test/PNEUMONIA/PNEUMONIA(4074).jpg,PNEUMONIA
4075,test/PNEUMONIA/PNEUMONIA(4075).jpg,PNEUMONIA
4076,test/PNEUMONIA/PNEUMONIA(4076).jpg,PNEUMONIA
4077,test/PNEUMONIA/PNEUMONIA(4077).jpg,PNEUMONIA
4078,test/PNEUMONIA/PNEUMONIA(4078).jpg,PNEUMONIA
4079,test/PNEUMONIA/PNEUMONIA(4079).jpg,PNEUMONIA
4080,test/PNEUMONIA/PNEUMONIA(4080).jpg,PNEUMONIA
4081,test/PNEUMONIA/PNEUMONIA(4081).jpg,PNEUMONIA
4082,test/PNEUMONIA/PNEUMONIA(4082).jpg,PNEUMONIA
4083,test/PNEUMONIA/PNEUMONIA(4083).jpg,PNEUMONIA
4084,test/PNEUMONIA/PNEUMONIA(4084).jpg,PNEUMONIA
4085,test/PNEUMONIA/PNEUMONIA(4085).jpg,PNEUMONIA
4086,test/PNEUMONIA/PNEUMONIA(4086).jpg,PNEUMONIA
4087,test/PNEUMONIA/PNEUMONIA(4087).jpg,PNEUMONIA
4088,test/PNEUMONIA/PNEUMONIA(4088).jpg,PNEUMONIA
4089,test/PNEUMONIA/PNEUMONIA(4089).jpg,PNEUMONIA
4090,test/PNEUMONIA/PNEUMONIA(4090).jpg,PNEUMONIA
4091,test/PNEUMONIA/PNEUMONIA(4091).jpg,PNEUMONIA
4092,test/PNEUMONIA/PNEUMONIA(4092).jpg,PNEUMONIA
4093,test/PNEUMONIA/PNEUMONIA(4093).jpg,PNEUMONIA
4094,test/PNEUMONIA/PNEUMONIA(4094).jpg,PNEUMONIA
4095,test/PNEUMONIA/PNEUMONIA(4095).jpg,PNEUMONIA
4096,test/PNEUMONIA/PNEUMONIA(4096).jpg,PNEUMONIA
4097,test/PNEUMONIA/PNEUMONIA(4097).jpg,PNEUMONIA
4098,test/PNEUMONIA/PNEUMONIA(4098).jpg,PNEUMONIA
4099,test/PNEUMONIA/PNEUMONIA(4099).jpg,PNEUMONIA
4100,test/PNEUMONIA/PNEUMONIA(4100).jpg,PNEUMONIA
4101,test/PNEUMONIA/PNEUMONIA(4101).jpg,PNEUMONIA
4102,test/PNEUMONIA/PNEUMONIA(4102).jpg,PNEUMONIA
4103,test/PNEUMONIA/PNEUMONIA(4103).jpg,PNEUMONIA
4104,test/PNEUMONIA/PNEUMONIA(4104).jpg,PNEUMONIA
4105,test/PNEUMONIA/PNEUMONIA(4105).jpg,PNEUMONIA
4106,test/PNEUMONIA/PNEUMONIA(4106).jpg,PNEUMONIA
4107,test/PNEUMONIA/PNEUMONIA(4107).jpg,PNEUMONIA
4108,test/PNEUMONIA/PNEUMONIA(4108).jpg,PNEUMONIA
4109,test/PNEUMONIA/PNEUMONIA(4109).jpg,PNEUMONIA
4110,test/PNEUMONIA/PNEUMONIA(4110).jpg,PNEUMONIA
4111,test/PNEUMONIA/PNEUMONIA(4111).jpg,PNEUMONIA
4112,test/PNEUMONIA/PNEUMONIA(4112).jpg,PNEUMONIA
4113,test/PNEUMONIA/PNEUMONIA(4113).jpg,PNEUMONIA
4114,test/PNEUMONIA/PNEUMONIA(4114).jpg,PNEUMONIA
4115,test/PNEUMONIA/PNEUMONIA(4115).jpg,PNEUMONIA
4116,test/PNEUMONIA/PNEUMONIA(4116).jpg,PNEUMONIA
4117,test/PNEUMONIA/PNEUMONIA(4117).jpg,PNEUMONIA
4118,test/PNEUMONIA/PNEUMONIA(4118).jpg,PNEUMONIA
4119,test/PNEUMONIA/PNEUMONIA(4119).jpg,PNEUMONIA
4120,test/PNEUMONIA/PNEUMONIA(4120).jpg,PNEUMONIA
4121,test/PNEUMONIA/PNEUMONIA(4121).jpg,PNEUMONIA
4122,test/PNEUMONIA/PNEUMONIA(4122).jpg,PNEUMONIA
4123,test/PNEUMONIA/PNEUMONIA(4123).jpg,PNEUMONIA
4124,test/PNEUMONIA/PNEUMONIA(4124).jpg,PNEUMONIA
4125,test/PNEUMONIA/PNEUMONIA(4125).jpg,PNEUMONIA
4126,test/PNEUMONIA/PNEUMONIA(4126).jpg,PNEUMONIA
4127,test/PNEUMONIA/PNEUMONIA(4127).jpg,PNEUMONIA
4128,test/PNEUMONIA/PNEUMONIA(4128).jpg,PNEUMONIA
4129,test/PNEUMONIA/PNEUMONIA(4129).jpg,PNEUMONIA
4130,test/PNEUMONIA/PNEUMONIA(4130).jpg,PNEUMONIA
4131,test/PNEUMONIA/PNEUMONIA(4131).jpg,PNEUMONIA
4132,test/PNEUMONIA/PNEUMONIA(4132).jpg,PNEUMONIA
4133,test/PNEUMONIA/PNEUMONIA(4133).jpg,PNEUMONIA
4134,test/PNEUMONIA/PNEUMONIA(4134).jpg,PNEUMONIA
4135,test/PNEUMONIA/PNEUMONIA(4135).jpg,PNEUMONIA
4136,test/PNEUMONIA/PNEUMONIA(4136).jpg,PNEUMONIA
4137,test/PNEUMONIA/PNEUMONIA(4137).jpg,PNEUMONIA
4138,test/PNEUMONIA/PNEUMONIA(4138).jpg,PNEUMONIA
4139,test/PNEUMONIA/PNEUMONIA(4139).jpg,PNEUMONIA
4140,test/PNEUMONIA/PNEUMONIA(4140).jpg,PNEUMONIA
4141,test/PNEUMONIA/PNEUMONIA(4141).jpg,PNEUMONIA
4142,test/PNEUMONIA/PNEUMONIA(4142).jpg,PNEUMONIA
4143,test/PNEUMONIA/PNEUMONIA(4143).jpg,PNEUMONIA
4144,test/PNEUMONIA/PNEUMONIA(4144).jpg,PNEUMONIA
4145,test/PNEUMONIA/PNEUMONIA(4145).jpg,PNEUMONIA
4146,test/PNEUMONIA/PNEUMONIA(4146).jpg,PNEUMONIA
4147,test/PNEUMONIA/PNEUMONIA(4147).jpg,PNEUMONIA
4148,test/PNEUMONIA/PNEUMONIA(4148).jpg,PNEUMONIA
4149,test/PNEUMONIA/PNEUMONIA(4149).jpg,PNEUMONIA
4150,test/PNEUMONIA/PNEUMONIA(4150).jpg,PNEUMONIA
4151,test/PNEUMONIA/PNEUMONIA(4151).jpg,PNEUMONIA
4152,test/PNEUMONIA/PNEUMONIA(4152).jpg,PNEUMONIA
4153,test/PNEUMONIA/PNEUMONIA(4153).jpg,PNEUMONIA
4154,test/PNEUMONIA/PNEUMONIA(4154).jpg,PNEUMONIA
4155,test/PNEUMONIA/PNEUMONIA(4155).jpg,PNEUMONIA
4156,test/PNEUMONIA/PNEUMONIA(4156).jpg,PNEUMONIA
4157,test/PNEUMONIA/PNEUMONIA(4157).jpg,PNEUMONIA
4158,test/PNEUMONIA/PNEUMONIA(4158).jpg,PNEUMONIA
4159,test/PNEUMONIA/PNEUMONIA(4159).jpg,PNEUMONIA
4160,test/PNEUMONIA/PNEUMONIA(4160).jpg,PNEUMONIA
4161,test/PNEUMONIA/PNEUMONIA(4161).jpg,PNEUMONIA
4162,test/PNEUMONIA/PNEUMONIA(4162).jpg,PNEUMONIA
4163,test/PNEUMONIA/PNEUMONIA(4163).jpg,PNEUMONIA
4164,test/PNEUMONIA/PNEUMONIA(4164).jpg,PNEUMONIA
4165,test/PNEUMONIA/PNEUMONIA(4165).jpg,PNEUMONIA
4166,test/PNEUMONIA/PNEUMONIA(4166).jpg,PNEUMONIA
4167,test/PNEUMONIA/PNEUMONIA(4167).jpg,PNEUMONIA
4168,test/PNEUMONIA/PNEUMONIA(4168).jpg,PNEUMONIA
4169,test/PNEUMONIA/PNEUMONIA(4169).jpg,PNEUMONIA
4170,test/PNEUMONIA/PNEUMONIA(4170).jpg,PNEUMONIA
4171,test/PNEUMONIA/PNEUMONIA(4171).jpg,PNEUMONIA
4172,test/PNEUMONIA/PNEUMONIA(4172).jpg,PNEUMONIA
4173,test/PNEUMONIA/PNEUMONIA(4173).jpg,PNEUMONIA
4174,test/PNEUMONIA/PNEUMONIA(4174).jpg,PNEUMONIA
4175,test/PNEUMONIA/PNEUMONIA(4175).jpg,PNEUMONIA
4176,test/PNEUMONIA/PNEUMONIA(4176).jpg,PNEUMONIA
4177,test/PNEUMONIA/PNEUMONIA(4177).jpg,PNEUMONIA
4178,test/PNEUMONIA/PNEUMONIA(4178).jpg,PNEUMONIA
4179,test/PNEUMONIA/PNEUMONIA(4179).jpg,PNEUMONIA
4180,test/PNEUMONIA/PNEUMONIA(4180).jpg,PNEUMONIA
4181,test/PNEUMONIA/PNEUMONIA(4181).jpg,PNEUMONIA
4182,test/PNEUMONIA/PNEUMONIA(4182).jpg,PNEUMONIA
4183,test/PNEUMONIA/PNEUMONIA(4183).jpg,PNEUMONIA
4184,test/PNEUMONIA/PNEUMONIA(4184).jpg,PNEUMONIA
4185,test/PNEUMONIA/PNEUMONIA(4185).jpg,PNEUMONIA
4186,test/PNEUMONIA/PNEUMONIA(4186).jpg,PNEUMONIA
4187,test/PNEUMONIA/PNEUMONIA(4187).jpg,PNEUMONIA
4188,test/PNEUMONIA/PNEUMONIA(4188).jpg,PNEUMONIA
4189,test/PNEUMONIA/PNEUMONIA(4189).jpg,PNEUMONIA
4190,test/PNEUMONIA/PNEUMONIA(4190).jpg,PNEUMONIA
4191,test/PNEUMONIA/PNEUMONIA(4191).jpg,PNEUMONIA
4192,test/PNEUMONIA/PNEUMONIA(4192).jpg,PNEUMONIA
4193,test/PNEUMONIA/PNEUMONIA(4193).jpg,PNEUMONIA
4194,test/PNEUMONIA/PNEUMONIA(4194).jpg,PNEUMONIA
4195,test/PNEUMONIA/PNEUMONIA(4195).jpg,PNEUMONIA
4196,test/PNEUMONIA/PNEUMONIA(4196).jpg,PNEUMONIA
4197,test/PNEUMONIA/PNEUMONIA(4197).jpg,PNEUMONIA
4198,test/PNEUMONIA/PNEUMONIA(4198).jpg,PNEUMONIA
4199,test/PNEUMONIA/PNEUMONIA(4199).jpg,PNEUMONIA
4200,test/PNEUMONIA/PNEUMONIA(4200).jpg,PNEUMONIA
4201,test/PNEUMONIA/PNEUMONIA(4201).jpg,PNEUMONIA
4202,test/PNEUMONIA/PNEUMONIA(4202).jpg,PNEUMONIA
4203,test/PNEUMONIA/PNEUMONIA(4203).jpg,PNEUMONIA
4204,test/PNEUMONIA/PNEUMONIA(4204).jpg,PNEUMONIA
4205,test/PNEUMONIA/PNEUMONIA(4205).jpg,PNEUMONIA
4206,test/PNEUMONIA/PNEUMONIA(4206).jpg,PNEUMONIA
4207,test/PNEUMONIA/PNEUMONIA(4207).jpg,PNEUMONIA
4208,test/PNEUMONIA/PNEUMONIA(4208).jpg,PNEUMONIA
4209,test/PNEUMONIA/PNEUMONIA(4209).jpg,PNEUMONIA
4210,test/PNEUMONIA/PNEUMONIA(4210).jpg,PNEUMONIA
4211,test/PNEUMONIA/PNEUMONIA(4211).jpg,PNEUMONIA
4212,test/PNEUMONIA/PNEUMONIA(4212).jpg,PNEUMONIA
4213,test/PNEUMONIA/PNEUMONIA(4213).jpg,PNEUMONIA
4214,test/PNEUMONIA/PNEUMONIA(4214).jpg,PNEUMONIA
4215,test/PNEUMONIA/PNEUMONIA(4215).jpg,PNEUMONIA
4216,test/PNEUMONIA/PNEUMONIA(4216).jpg,PNEUMONIA
4217,test/PNEUMONIA/PNEUMONIA(4217).jpg,PNEUMONIA
4218,test/PNEUMONIA/PNEUMONIA(4218).jpg,PNEUMONIA
4219,test/PNEUMONIA/PNEUMONIA(4219).jpg,PNEUMONIA
4220,test/PNEUMONIA/PNEUMONIA(4220).jpg,PNEUMONIA
4221,test/PNEUMONIA/PNEUMONIA(4221).jpg,PNEUMONIA
4222,test/PNEUMONIA/PNEUMONIA(4222).jpg,PNEUMONIA
4223,test/PNEUMONIA/PNEUMONIA(4223).jpg,PNEUMONIA
4224,test/PNEUMONIA/PNEUMONIA(4224).jpg,PNEUMONIA
4225,test/PNEUMONIA/PNEUMONIA(4225).jpg,PNEUMONIA
4226,test/PNEUMONIA/PNEUMONIA(4226).jpg,PNEUMONIA
4227,test/PNEUMONIA/PNEUMONIA(4227).jpg,PNEUMONIA
4228,test/PNEUMONIA/PNEUMONIA(4228).jpg,PNEUMONIA
4229,test/PNEUMONIA/PNEUMONIA(4229).jpg,PNEUMONIA
4230,test/PNEUMONIA/PNEUMONIA(4230).jpg,PNEUMONIA
4231,test/PNEUMONIA/PNEUMONIA(4231).jpg,PNEUMONIA
4232,test/PNEUMONIA/PNEUMONIA(4232).jpg,PNEUMONIA
4233,test/PNEUMONIA/PNEUMONIA(4233).jpg,PNEUMONIA
4234,test/PNEUMONIA/PNEUMONIA(4234).jpg,PNEUMONIA
4235,test/PNEUMONIA/PNEUMONIA(4235).jpg,PNEUMONIA
4236,test/PNEUMONIA/PNEUMONIA(4236).jpg,PNEUMONIA
4237,test/PNEUMONIA/PNEUMONIA(4237).jpg,PNEUMONIA
4238,test/PNEUMONIA/PNEUMONIA(4238).jpg,PNEUMONIA
4239,test/PNEUMONIA/PNEUMONIA(4239).jpg,PNEUMONIA
4240,test/PNEUMONIA/PNEUMONIA(4240).jpg,PNEUMONIA
4241,test/PNEUMONIA/PNEUMONIA(4241).jpg,PNEUMONIA
4242,test/PNEUMONIA/PNEUMONIA(4242).jpg,PNEUMONIA
4243,test/PNEUMONIA/PNEUMONIA(4243).jpg,PNEUMONIA
4244,test/PNEUMONIA/PNEUMONIA(4244).jpg,PNEUMONIA
4245,test/PNEUMONIA/PNEUMONIA(4245).jpg,PNEUMONIA
4246,test/PNEUMONIA/PNEUMONIA(4246).jpg,PNEUMONIA
4247,test/PNEUMONIA/PNEUMONIA(4247).jpg,PNEUMONIA
4248,test/PNEUMONIA/PNEUMONIA(4248).jpg,PNEUMONIA
4249,test/PNEUMONIA/PNEUMONIA(4249).jpg,PNEUMONIA
4250,test/PNEUMONIA/PNEUMONIA(4250).jpg,PNEUMONIA
4251,test/PNEUMONIA/PNEUMONIA(4251).jpg,PNEUMONIA
4252,test/PNEUMONIA/PNEUMONIA(4252).jpg,PNEUMONIA
4253,test/PNEUMONIA/PNEUMONIA(4253).jpg,PNEUMONIA
4254,test/PNEUMONIA/PNEUMONIA(4254).jpg,PNEUMONIA
4255,test/PNEUMONIA/PNEUMONIA(4255).jpg,PNEUMONIA
4256,test/PNEUMONIA/PNEUMONIA(4256).jpg,PNEUMONIA
4257,test/PNEUMONIA/PNEUMONIA(4257).jpg,PNEUMONIA
4258,test/PNEUMONIA/PNEUMONIA(4258).jpg,PNEUMONIA
4259,test/PNEUMONIA/PNEUMONIA(4259).jpg,PNEUMONIA
4260,test/PNEUMONIA/PNEUMONIA(4260).jpg,PNEUMONIA
4261,test/PNEUMONIA/PNEUMONIA(4261).jpg,PNEUMONIA
4262,test/PNEUMONIA/PNEUMONIA(4262).jpg,PNEUMONIA
4263,test/PNEUMONIA/PNEUMONIA(4263).jpg,PNEUMONIA
4264,test/PNEUMONIA/PNEUMONIA(4264).jpg,PNEUMONIA
4265,test/PNEUMONIA/PNEUMONIA(4265).jpg,PNEUMONIA
4266,test/PNEUMONIA/PNEUMONIA(4266).jpg,PNEUMONIA
4267,test/PNEUMONIA/PNEUMONIA(4267).jpg,PNEUMONIA
4268,test/PNEUMONIA/PNEUMONIA(4268).jpg,PNEUMONIA
4269,test/PNEUMONIA/PNEUMONIA(4269).jpg,PNEUMONIA
4270,test/PNEUMONIA/PNEUMONIA(4270).jpg,PNEUMONIA
4271,test/PNEUMONIA/PNEUMONIA(4271).jpg,PNEUMONIA
4272,test/PNEUMONIA/PNEUMONIA(4272).jpg,PNEUMONIA
